Data;Typ;Kategoria;Opis;Kwota;Saldo
2026-01-10;Przychód;Wynagrodzenie;Wynagrodzenie;10553;25553
2026-01-20;Przychód;Najem;Najem;1500;27053
2026-01-02;Wydatek;Rossmann;Płatność Rossmann;-59;26994
2026-01-02;Wydatek;Paliwo;Płatność Paliwo;-30;26964
2026-01-02;Wydatek;Artykuły spożywcze;Płatność Artykuły spożywcze;-143;26821
2026-01-03;Wydatek;Uber;Płatność Uber;-396;26425
2026-01-03;Wydatek;Spotify;Płatność Spotify;-25;26400
2026-01-03;Wydatek;Lidl;Płatność Lidl;-239;26161
2026-01-03;Wydatek;Paliwo;Płatność Paliwo;-433;25728
2026-01-04;Wydatek;Telefon;Płatność Telefon;-75;25653
2026-01-04;Wydatek;Lidl;Płatność Lidl;-380;25273
2026-01-04;Wydatek;Allegro;Płatność Allegro;-304;24969
2026-01-04;Wydatek;Restauracje;Płatność Restauracje;-225;24744
2026-01-06;Wydatek;Paliwo;Płatność Paliwo;-119;24625
2026-01-07;Wydatek;Siłownia;Płatność Siłownia;-217;24408
2026-01-07;Wydatek;Allegro;Płatność Allegro;-284;24124
2026-01-08;Wydatek;Żabka;Płatność Żabka;-209;23915
2026-01-08;Wydatek;Paliwo;Płatność Paliwo;-53;23862
2026-01-11;Wydatek;Kino;Płatność Kino;-38;23824
2026-01-11;Wydatek;Amazon;Płatność Amazon;-105;23719
2026-01-11;Wydatek;Elektronika;Płatność Elektronika;-122;23597
2026-01-12;Wydatek;Czynsz;Płatność Czynsz;-84;23513
2026-01-12;Wydatek;Prezenty;Płatność Prezenty;-276;23237
2026-01-12;Wydatek;Bolt;Płatność Bolt;-242;22995
2026-01-12;Wydatek;Żabka;Płatność Żabka;-309;22686
2026-01-13;Wydatek;Apteka;Płatność Apteka;-64;22622
2026-01-14;Wydatek;PKP;Płatność PKP;-275;22347
2026-01-15;Wydatek;Kino;Płatność Kino;-152;22195
2026-01-17;Wydatek;Uber;Płatność Uber;-411;21784
2026-01-17;Wydatek;Siłownia;Płatność Siłownia;-78;21706
2026-01-18;Wydatek;Lidl;Płatność Lidl;-166;21540
2026-01-18;Wydatek;Restauracje;Płatność Restauracje;-16;21524
2026-01-19;Wydatek;Amazon;Płatność Amazon;-131;21393
2026-01-19;Wydatek;Żabka;Płatność Żabka;-131;21262
2026-01-19;Wydatek;Amazon;Płatność Amazon;-13;21249
2026-01-19;Wydatek;Podróże;Płatność Podróże;-399;20850
2026-01-20;Wydatek;Transport;Płatność Transport;-74;20776
2026-01-20;Wydatek;Prezenty;Płatność Prezenty;-331;20445
2026-01-21;Wydatek;Prezenty;Płatność Prezenty;-185;20260
2026-01-22;Wydatek;Siłownia;Płatność Siłownia;-268;19992
2026-01-23;Wydatek;Artykuły spożywcze;Płatność Artykuły spożywcze;-396;19596
2026-01-23;Wydatek;Ubrania;Płatność Ubrania;-401;19195
2026-01-23;Wydatek;Uber;Płatność Uber;-403;18792
2026-01-24;Wydatek;Bolt;Płatność Bolt;-341;18451
2026-01-25;Wydatek;Transport;Płatność Transport;-355;18096
2026-01-25;Wydatek;Uber;Płatność Uber;-350;17746
2026-01-25;Wydatek;Apteka;Płatność Apteka;-327;17419
2026-01-26;Wydatek;Allegro;Płatność Allegro;-333;17086
2026-01-26;Wydatek;Sport;Płatność Sport;-96;16990
2026-01-27;Wydatek;Bolt;Płatność Bolt;-31;16959
2026-01-27;Wydatek;Apteka;Płatność Apteka;-352;16607
2026-01-27;Wydatek;Kino;Płatność Kino;-129;16478
2026-01-28;Wydatek;Żabka;Płatność Żabka;-104;16374
2026-01-28;Wydatek;Żabka;Płatność Żabka;-204;16170
2026-01-28;Wydatek;Elektronika;Płatność Elektronika;-332;15838
2026-01-29;Wydatek;Żabka;Płatność Żabka;-420;15418
2026-01-29;Wydatek;Kino;Płatność Kino;-297;15121
2026-01-29;Wydatek;Apteka;Płatność Apteka;-334;14787
2026-01-30;Wydatek;Czynsz;Płatność Czynsz;-52;14735
2026-01-30;Wydatek;Paliwo;Płatność Paliwo;-250;14485
2026-01-31;Wydatek;Transport;Płatność Transport;-77;14408
2026-01-31;Wydatek;PKP;Płatność PKP;-64;14344
2026-01-31;Wydatek;Artykuły spożywcze;Płatność Artykuły spożywcze;-186;14158
2026-02-10;Przychód;Wynagrodzenie;Wynagrodzenie;10156;24314
2026-02-20;Przychód;Najem;Najem;1500;25814
2026-02-28;Przychód;Premia;Premia;2500;28314
2026-02-02;Wydatek;PKP;Płatność PKP;-100;28214
2026-02-02;Wydatek;Paliwo;Płatność Paliwo;-311;27903
2026-02-02;Wydatek;Ubezpieczenie;Płatność Ubezpieczenie;-320;27583
2026-02-04;Wydatek;Telefon;Płatność Telefon;-75;27508
2026-02-04;Wydatek;Czynsz;Płatność Czynsz;-48;27460
2026-02-04;Wydatek;Siłownia;Płatność Siłownia;-377;27083
2026-02-05;Wydatek;Podróże;Płatność Podróże;-328;26755
2026-02-05;Wydatek;Telefon;Płatność Telefon;-75;26680
2026-02-05;Wydatek;Artykuły spożywcze;Płatność Artykuły spożywcze;-206;26474
2026-02-07;Wydatek;Ubrania;Płatność Ubrania;-228;26246
2026-02-08;Wydatek;Rossmann;Płatność Rossmann;-326;25920
2026-02-10;Wydatek;Ubrania;Płatność Ubrania;-105;25815
2026-02-10;Wydatek;Transport;Płatność Transport;-178;25637
2026-02-10;Wydatek;Sport;Płatność Sport;-436;25201
2026-02-12;Wydatek;Ubrania;Płatność Ubrania;-228;24973
2026-02-12;Wydatek;Apteka;Płatność Apteka;-158;24815
2026-02-14;Wydatek;Transport;Płatność Transport;-189;24626
2026-02-14;Wydatek;Uber;Płatność Uber;-249;24377
2026-02-14;Wydatek;Żabka;Płatność Żabka;-438;23939
2026-02-15;Wydatek;Allegro;Płatność Allegro;-241;23698
2026-02-15;Wydatek;Artykuły spożywcze;Płatność Artykuły spożywcze;-356;23342
2026-02-15;Wydatek;Amazon;Płatność Amazon;-37;23305
2026-02-16;Wydatek;Uber;Płatność Uber;-310;22995
2026-02-16;Wydatek;Artykuły spożywcze;Płatność Artykuły spożywcze;-43;22952
2026-02-20;Wydatek;Restauracje;Płatność Restauracje;-95;22857
2026-02-20;Wydatek;Paliwo;Płatność Paliwo;-371;22486
2026-02-20;Wydatek;Rossmann;Płatność Rossmann;-244;22242
2026-02-21;Wydatek;Bolt;Płatność Bolt;-410;21832
2026-02-21;Wydatek;Apteka;Płatność Apteka;-435;21397
2026-02-21;Wydatek;Siłownia;Płatność Siłownia;-195;21202
2026-02-23;Wydatek;Amazon;Płatność Amazon;-174;21028
2026-02-23;Wydatek;Allegro;Płatność Allegro;-410;20618
2026-02-24;Wydatek;Bolt;Płatność Bolt;-298;20320
2026-02-24;Wydatek;Restauracje;Płatność Restauracje;-113;20207
2026-02-25;Wydatek;Kino;Płatność Kino;-96;20111
2026-02-25;Wydatek;Biedronka;Płatność Biedronka;-414;19697
2026-02-25;Wydatek;Lidl;Płatność Lidl;-161;19536
2026-02-26;Wydatek;Podróże;Płatność Podróże;-237;19299
2026-02-26;Wydatek;Allegro;Płatność Allegro;-80;19219
2026-02-27;Wydatek;Apteka;Płatność Apteka;-28;19191
2026-02-28;Wydatek;Prezenty;Płatność Prezenty;-203;18988
2026-02-28;Wydatek;Sport;Płatność Sport;-448;18540
2026-02-28;Wydatek;Amazon;Płatność Amazon;-191;18349
2026-03-10;Przychód;Wynagrodzenie;Wynagrodzenie;9026;27375
2026-03-20;Przychód;Najem;Najem;1500;28875
2026-03-28;Przychód;Premia;Premia;4000;32875
2026-03-01;Wydatek;Spotify;Płatność Spotify;-25;32850
2026-03-01;Wydatek;Apteka;Płatność Apteka;-168;32682
2026-03-02;Wydatek;Podatki;Płatność Podatki;-450;32232
2026-03-02;Wydatek;Telefon;Płatność Telefon;-75;32157
2026-03-02;Wydatek;Podróże;Płatność Podróże;-27;32130
2026-03-02;Wydatek;Kino;Płatność Kino;-45;32085
2026-03-03;Wydatek;Uber;Płatność Uber;-276;31809
2026-03-03;Wydatek;Prąd;Płatność Prąd;-220;31589
2026-03-05;Wydatek;Netflix;Płatność Netflix;-67;31522
2026-03-05;Wydatek;Gaz;Płatność Gaz;-180;31342
2026-03-06;Wydatek;Ubrania;Płatność Ubrania;-387;30955
2026-03-06;Wydatek;Uber;Płatność Uber;-290;30665
2026-03-06;Wydatek;PKP;Płatność PKP;-72;30593
2026-03-08;Wydatek;Prezenty;Płatność Prezenty;-355;30238
2026-03-08;Wydatek;Lidl;Płatność Lidl;-189;30049
2026-03-09;Wydatek;Apteka;Płatność Apteka;-275;29774
2026-03-10;Wydatek;Siłownia;Płatność Siłownia;-420;29354
2026-03-10;Wydatek;Bolt;Płatność Bolt;-113;29241
2026-03-11;Wydatek;Amazon;Płatność Amazon;-161;29080
2026-03-13;Wydatek;Kino;Płatność Kino;-388;28692
2026-03-14;Wydatek;Restauracje;Płatność Restauracje;-136;28556
2026-03-16;Wydatek;Apteka;Płatność Apteka;-433;28123
2026-03-16;Wydatek;Biedronka;Płatność Biedronka;-308;27815
2026-03-18;Wydatek;Siłownia;Płatność Siłownia;-408;27407
2026-03-18;Wydatek;Elektronika;Płatność Elektronika;-438;26969
2026-03-18;Wydatek;Allegro;Płatność Allegro;-206;26763
2026-03-19;Wydatek;Apteka;Płatność Apteka;-296;26467
2026-03-19;Wydatek;Artykuły spożywcze;Płatność Artykuły spożywcze;-189;26278
2026-03-19;Wydatek;Artykuły spożywcze;Płatność Artykuły spożywcze;-299;25979
2026-03-19;Wydatek;PKP;Płatność PKP;-299;25680
2026-03-20;Wydatek;Biedronka;Płatność Biedronka;-70;25610
2026-03-20;Wydatek;Rossmann;Płatność Rossmann;-389;25221
2026-03-20;Wydatek;Allegro;Płatność Allegro;-178;25043
2026-03-21;Wydatek;Apteka;Płatność Apteka;-166;24877
2026-03-21;Wydatek;Podróże;Płatność Podróże;-212;24665
2026-03-21;Wydatek;Prezenty;Płatność Prezenty;-395;24270
2026-03-21;Wydatek;Paliwo;Płatność Paliwo;-235;24035
2026-03-22;Wydatek;Biedronka;Płatność Biedronka;-71;23964
2026-03-26;Wydatek;Elektronika;Płatność Elektronika;-234;23730
2026-03-27;Wydatek;Biedronka;Płatność Biedronka;-242;23488
2026-03-27;Wydatek;Prezenty;Płatność Prezenty;-299;23189
2026-03-28;Wydatek;Sport;Płatność Sport;-247;22942
2026-03-29;Wydatek;Bolt;Płatność Bolt;-154;22788
2026-03-29;Wydatek;Siłownia;Płatność Siłownia;-265;22523
2026-03-30;Wydatek;Lidl;Płatność Lidl;-408;22115
2026-03-30;Wydatek;Podróże;Płatność Podróże;-61;22054
2026-03-31;Wydatek;Prezenty;Płatność Prezenty;-139;21915
2026-04-10;Przychód;Wynagrodzenie;Wynagrodzenie;10458;32373
2026-04-20;Przychód;Najem;Najem;1500;33873
2026-04-02;Wydatek;Lidl;Płatność Lidl;-358;33515
2026-04-02;Wydatek;Ubrania;Płatność Ubrania;-129;33386
2026-04-02;Wydatek;Żabka;Płatność Żabka;-276;33110
2026-04-02;Wydatek;Sport;Płatność Sport;-121;32989
2026-04-05;Wydatek;Apteka;Płatność Apteka;-289;32700
2026-04-05;Wydatek;Gaz;Płatność Gaz;-180;32520
2026-04-05;Wydatek;Bolt;Płatność Bolt;-398;32122
2026-04-05;Wydatek;Ubezpieczenie;Płatność Ubezpieczenie;-320;31802
2026-04-06;Wydatek;Restauracje;Płatność Restauracje;-205;31597
2026-04-08;Wydatek;Podróże;Płatność Podróże;-36;31561
2026-04-08;Wydatek;Transport;Płatność Transport;-311;31250
2026-04-09;Wydatek;Artykuły spożywcze;Płatność Artykuły spożywcze;-76;31174
2026-04-10;Wydatek;Kino;Płatność Kino;-363;30811
2026-04-10;Wydatek;PKP;Płatność PKP;-405;30406
2026-04-10;Wydatek;Transport;Płatność Transport;-136;30270
2026-04-12;Wydatek;Siłownia;Płatność Siłownia;-444;29826
2026-04-12;Wydatek;Apteka;Płatność Apteka;-89;29737
2026-04-13;Wydatek;Amazon;Płatność Amazon;-293;29444
2026-04-16;Wydatek;Czynsz;Płatność Czynsz;-48;29396
2026-04-16;Wydatek;Siłownia;Płatność Siłownia;-348;29048
2026-04-16;Wydatek;PKP;Płatność PKP;-439;28609
2026-04-17;Wydatek;Uber;Płatność Uber;-334;28275
2026-04-18;Wydatek;PKP;Płatność PKP;-419;27856
2026-04-19;Wydatek;Żabka;Płatność Żabka;-448;27408
2026-04-20;Wydatek;Uber;Płatność Uber;-394;27014
2026-04-20;Wydatek;Sport;Płatność Sport;-430;26584
2026-04-20;Wydatek;Lidl;Płatność Lidl;-303;26281
2026-04-21;Wydatek;Sport;Płatność Sport;-67;26214
2026-04-21;Wydatek;Sport;Płatność Sport;-46;26168
2026-04-21;Wydatek;Paliwo;Płatność Paliwo;-144;26024
2026-04-22;Wydatek;Biedronka;Płatność Biedronka;-73;25951
2026-04-22;Wydatek;Elektronika;Płatność Elektronika;-378;25573
2026-04-23;Wydatek;Paliwo;Płatność Paliwo;-367;25206
2026-04-24;Wydatek;Ubrania;Płatność Ubrania;-156;25050
2026-04-24;Wydatek;PKP;Płatność PKP;-22;25028
2026-04-24;Wydatek;Paliwo;Płatność Paliwo;-433;24595
2026-04-25;Wydatek;Transport;Płatność Transport;-166;24429
2026-04-25;Wydatek;Żabka;Płatność Żabka;-327;24102
2026-04-26;Wydatek;Uber;Płatność Uber;-351;23751
2026-04-28;Wydatek;Żabka;Płatność Żabka;-10;23741
2026-04-28;Wydatek;PKP;Płatność PKP;-27;23714
2026-04-30;Wydatek;Kino;Płatność Kino;-249;23465
2026-04-30;Wydatek;Elektronika;Płatność Elektronika;-356;23109
2026-05-10;Przychód;Wynagrodzenie;Wynagrodzenie;9914;33023
2026-05-20;Przychód;Najem;Najem;1500;34523
2026-05-01;Wydatek;Prezenty;Płatność Prezenty;-275;34248
2026-05-01;Wydatek;Siłownia;Płatność Siłownia;-64;34184
2026-05-01;Wydatek;PKP;Płatność PKP;-132;34052
2026-05-01;Wydatek;Apteka;Płatność Apteka;-193;33859
2026-05-02;Wydatek;Podróże;Płatność Podróże;-98;33761
2026-05-02;Wydatek;Paliwo;Płatność Paliwo;-269;33492
2026-05-02;Wydatek;Telefon;Płatność Telefon;-75;33417
2026-05-03;Wydatek;Amazon;Płatność Amazon;-31;33386
2026-05-03;Wydatek;Transport;Płatność Transport;-149;33237
2026-05-03;Wydatek;Kino;Płatność Kino;-290;32947
2026-05-04;Wydatek;Podróże;Płatność Podróże;-378;32569
2026-05-05;Wydatek;Podróże;Płatność Podróże;-228;32341
2026-05-05;Wydatek;Paliwo;Płatność Paliwo;-51;32290
2026-05-07;Wydatek;Podróże;Płatność Podróże;-445;31845
2026-05-07;Wydatek;Rossmann;Płatność Rossmann;-104;31741
2026-05-08;Wydatek;Allegro;Płatność Allegro;-289;31452
2026-05-09;Wydatek;Biedronka;Płatność Biedronka;-234;31218
2026-05-10;Wydatek;Podróże;Płatność Podróże;-352;30866
2026-05-11;Wydatek;Elektronika;Płatność Elektronika;-411;30455
2026-05-12;Wydatek;PKP;Płatność PKP;-163;30292
2026-05-12;Wydatek;Prezenty;Płatność Prezenty;-260;30032
2026-05-12;Wydatek;Bolt;Płatność Bolt;-24;30008
2026-05-13;Wydatek;Rossmann;Płatność Rossmann;-18;29990
2026-05-14;Wydatek;Uber;Płatność Uber;-433;29557
2026-05-14;Wydatek;Lidl;Płatność Lidl;-250;29307
2026-05-14;Wydatek;Biedronka;Płatność Biedronka;-72;29235
2026-05-14;Wydatek;Artykuły spożywcze;Płatność Artykuły spożywcze;-237;28998
2026-05-15;Wydatek;Apteka;Płatność Apteka;-298;28700
2026-05-15;Wydatek;Rossmann;Płatność Rossmann;-234;28466
2026-05-16;Wydatek;Allegro;Płatność Allegro;-170;28296
2026-05-16;Wydatek;Rossmann;Płatność Rossmann;-386;27910
2026-05-16;Wydatek;Restauracje;Płatność Restauracje;-151;27759
2026-05-16;Wydatek;Prezenty;Płatność Prezenty;-47;27712
2026-05-17;Wydatek;Żabka;Płatność Żabka;-371;27341
2026-05-17;Wydatek;Biedronka;Płatność Biedronka;-426;26915
2026-05-18;Wydatek;Artykuły spożywcze;Płatność Artykuły spożywcze;-415;26500
2026-05-18;Wydatek;Paliwo;Płatność Paliwo;-408;26092
2026-05-18;Wydatek;Paliwo;Płatność Paliwo;-161;25931
2026-05-19;Wydatek;Prezenty;Płatność Prezenty;-72;25859
2026-05-20;Wydatek;Czynsz;Płatność Czynsz;-78;25781
2026-05-20;Wydatek;Siłownia;Płatność Siłownia;-175;25606
2026-05-20;Wydatek;Kino;Płatność Kino;-252;25354
2026-05-20;Wydatek;Bolt;Płatność Bolt;-64;25290
2026-05-21;Wydatek;Podróże;Płatność Podróże;-184;25106
2026-05-21;Wydatek;Allegro;Płatność Allegro;-167;24939
2026-05-23;Wydatek;Artykuły spożywcze;Płatność Artykuły spożywcze;-320;24619
2026-05-23;Wydatek;Apteka;Płatność Apteka;-161;24458
2026-05-24;Wydatek;Allegro;Płatność Allegro;-322;24136
2026-05-24;Wydatek;Lidl;Płatność Lidl;-342;23794
2026-05-24;Wydatek;Sport;Płatność Sport;-32;23762
2026-05-26;Wydatek;Siłownia;Płatność Siłownia;-413;23349
2026-05-26;Wydatek;Lidl;Płatność Lidl;-212;23137
2026-05-27;Wydatek;Rossmann;Płatność Rossmann;-434;22703
2026-05-28;Wydatek;Sport;Płatność Sport;-137;22566
2026-05-28;Wydatek;Sport;Płatność Sport;-128;22438
2026-05-29;Wydatek;Czynsz;Płatność Czynsz;-39;22399
2026-05-29;Wydatek;Allegro;Płatność Allegro;-148;22251
2026-05-30;Wydatek;Prezenty;Płatność Prezenty;-447;21804
2026-05-31;Wydatek;Transport;Płatność Transport;-258;21546
2026-05-31;Wydatek;Rossmann;Płatność Rossmann;-68;21478
2026-05-31;Wydatek;Ubrania;Płatność Ubrania;-278;21200
2026-06-10;Przychód;Wynagrodzenie;Wynagrodzenie;9407;30607
2026-06-20;Przychód;Najem;Najem;1500;32107
2026-06-01;Wydatek;Restauracje;Płatność Restauracje;-88;32019
2026-06-01;Wydatek;Netflix;Płatność Netflix;-67;31952
2026-06-01;Wydatek;Apteka;Płatność Apteka;-181;31771
2026-06-02;Wydatek;Czynsz;Płatność Czynsz;-101;31670
2026-06-02;Wydatek;Netflix;Płatność Netflix;-67;31603
2026-06-02;Wydatek;Internet;Płatność Internet;-90;31513
2026-06-02;Wydatek;Podatki;Płatność Podatki;-450;31063
2026-06-03;Wydatek;Ubrania;Płatność Ubrania;-412;30651
2026-06-04;Wydatek;Kino;Płatność Kino;-285;30366
2026-06-04;Wydatek;Podróże;Płatność Podróże;-96;30270
2026-06-04;Wydatek;Allegro;Płatność Allegro;-412;29858
2026-06-05;Wydatek;Kino;Płatność Kino;-433;29425
2026-06-05;Wydatek;Restauracje;Płatność Restauracje;-442;28983
2026-06-05;Wydatek;Paliwo;Płatność Paliwo;-448;28535
2026-06-05;Wydatek;Prąd;Płatność Prąd;-220;28315
2026-06-06;Wydatek;Siłownia;Płatność Siłownia;-415;27900
2026-06-07;Wydatek;Amazon;Płatność Amazon;-101;27799
2026-06-07;Wydatek;Restauracje;Płatność Restauracje;-200;27599
2026-06-09;Wydatek;Apteka;Płatność Apteka;-287;27312
2026-06-09;Wydatek;Bolt;Płatność Bolt;-337;26975
2026-06-10;Wydatek;Transport;Płatność Transport;-99;26876
2026-06-10;Wydatek;Paliwo;Płatność Paliwo;-392;26484
2026-06-10;Wydatek;Rossmann;Płatność Rossmann;-278;26206
2026-06-12;Wydatek;Czynsz;Płatność Czynsz;-102;26104
2026-06-12;Wydatek;Bolt;Płatność Bolt;-61;26043
2026-06-12;Wydatek;Amazon;Płatność Amazon;-389;25654
2026-06-13;Wydatek;Czynsz;Płatność Czynsz;-116;25538
2026-06-13;Wydatek;Lidl;Płatność Lidl;-404;25134
2026-06-15;Wydatek;Elektronika;Płatność Elektronika;-74;25060
2026-06-15;Wydatek;Bolt;Płatność Bolt;-69;24991
2026-06-16;Wydatek;Transport;Płatność Transport;-227;24764
2026-06-16;Wydatek;Transport;Płatność Transport;-426;24338
2026-06-16;Wydatek;Elektronika;Płatność Elektronika;-271;24067
2026-06-17;Wydatek;Artykuły spożywcze;Płatność Artykuły spożywcze;-60;24007
2026-06-18;Wydatek;Siłownia;Płatność Siłownia;-96;23911
2026-06-19;Wydatek;Podróże;Płatność Podróże;-39;23872
2026-06-21;Wydatek;Uber;Płatność Uber;-163;23709
2026-06-22;Wydatek;Bolt;Płatność Bolt;-207;23502
2026-06-23;Wydatek;Rossmann;Płatność Rossmann;-184;23318
2026-06-24;Wydatek;Amazon;Płatność Amazon;-413;22905
2026-06-25;Wydatek;Podróże;Płatność Podróże;-30;22875
2026-06-27;Wydatek;Biedronka;Płatność Biedronka;-271;22604
2026-06-27;Wydatek;Lidl;Płatność Lidl;-233;22371
2026-06-27;Wydatek;Bolt;Płatność Bolt;-9;22362
2026-06-28;Wydatek;Uber;Płatność Uber;-278;22084
2026-06-28;Wydatek;Rossmann;Płatność Rossmann;-59;22025
2026-06-29;Wydatek;Restauracje;Płatność Restauracje;-359;21666
2026-06-29;Wydatek;Czynsz;Płatność Czynsz;-42;21624
2026-07-10;Przychód;Wynagrodzenie;Wynagrodzenie;10337;31961
2026-07-20;Przychód;Najem;Najem;1500;33461
2026-07-28;Przychód;Premia;Premia;2500;35961
2026-07-01;Wydatek;Żabka;Płatność Żabka;-383;35578
2026-07-01;Wydatek;Rossmann;Płatność Rossmann;-428;35150
2026-07-01;Wydatek;Ubezpieczenie;Płatność Ubezpieczenie;-320;34830
2026-07-01;Wydatek;Amazon;Płatność Amazon;-386;34444
2026-07-02;Wydatek;Telefon;Płatność Telefon;-75;34369
2026-07-02;Wydatek;Uber;Płatność Uber;-289;34080
2026-07-02;Wydatek;Żabka;Płatność Żabka;-312;33768
2026-07-02;Wydatek;Czynsz;Płatność Czynsz;-43;33725
2026-07-03;Wydatek;Gaz;Płatność Gaz;-180;33545
2026-07-04;Wydatek;Netflix;Płatność Netflix;-67;33478
2026-07-05;Wydatek;Prezenty;Płatność Prezenty;-61;33417
2026-07-05;Wydatek;Podróże;Płatność Podróże;-108;33309
2026-07-05;Wydatek;Bolt;Płatność Bolt;-410;32899
2026-07-05;Wydatek;Elektronika;Płatność Elektronika;-23;32876
2026-07-06;Wydatek;Sport;Płatność Sport;-215;32661
2026-07-07;Wydatek;Amazon;Płatność Amazon;-391;32270
2026-07-07;Wydatek;Rossmann;Płatność Rossmann;-181;32089
2026-07-07;Wydatek;Allegro;Płatność Allegro;-142;31947
2026-07-08;Wydatek;Uber;Płatność Uber;-368;31579
2026-07-12;Wydatek;PKP;Płatność PKP;-176;31403
2026-07-13;Wydatek;Sport;Płatność Sport;-11;31392
2026-07-13;Wydatek;Apteka;Płatność Apteka;-392;31000
2026-07-13;Wydatek;Siłownia;Płatność Siłownia;-43;30957
2026-07-14;Wydatek;Czynsz;Płatność Czynsz;-50;30907
2026-07-14;Wydatek;Podróże;Płatność Podróże;-270;30637
2026-07-16;Wydatek;Amazon;Płatność Amazon;-232;30405
2026-07-18;Wydatek;Siłownia;Płatność Siłownia;-253;30152
2026-07-18;Wydatek;Ubrania;Płatność Ubrania;-73;30079
2026-07-19;Wydatek;Amazon;Płatność Amazon;-342;29737
2026-07-19;Wydatek;Kino;Płatność Kino;-246;29491
2026-07-20;Wydatek;Lidl;Płatność Lidl;-114;29377
2026-07-20;Wydatek;Rossmann;Płatność Rossmann;-208;29169
2026-07-20;Wydatek;Żabka;Płatność Żabka;-144;29025
2026-07-21;Wydatek;Siłownia;Płatność Siłownia;-199;28826
2026-07-21;Wydatek;Czynsz;Płatność Czynsz;-59;28767
2026-07-22;Wydatek;Podróże;Płatność Podróże;-359;28408
2026-07-22;Wydatek;Elektronika;Płatność Elektronika;-332;28076
2026-07-24;Wydatek;Amazon;Płatność Amazon;-297;27779
2026-07-24;Wydatek;Podróże;Płatność Podróże;-104;27675
2026-07-25;Wydatek;Lidl;Płatność Lidl;-447;27228
2026-07-25;Wydatek;Allegro;Płatność Allegro;-221;27007
2026-07-25;Wydatek;Apteka;Płatność Apteka;-231;26776
2026-07-26;Wydatek;Rossmann;Płatność Rossmann;-186;26590
2026-07-27;Wydatek;Artykuły spożywcze;Płatność Artykuły spożywcze;-307;26283
2026-07-28;Wydatek;Prezenty;Płatność Prezenty;-127;26156
2026-07-28;Wydatek;Lidl;Płatność Lidl;-219;25937
2026-07-29;Wydatek;Podróże;Płatność Podróże;-259;25678
2026-07-29;Wydatek;Kino;Płatność Kino;-304;25374
2026-07-29;Wydatek;Uber;Płatność Uber;-185;25189
2026-07-31;Wydatek;Kino;Płatność Kino;-236;24953
2026-07-31;Wydatek;Żabka;Płatność Żabka;-19;24934
2026-08-10;Przychód;Wynagrodzenie;Wynagrodzenie;9822;34756
2026-08-20;Przychód;Najem;Najem;1500;36256
2026-08-28;Przychód;Premia;Premia;2500;38756
2026-08-01;Wydatek;PKP;Płatność PKP;-184;38572
2026-08-01;Wydatek;Ubrania;Płatność Ubrania;-425;38147
2026-08-01;Wydatek;Biedronka;Płatność Biedronka;-290;37857
2026-08-03;Wydatek;Lidl;Płatność Lidl;-126;37731
2026-08-04;Wydatek;Spotify;Płatność Spotify;-25;37706
2026-08-04;Wydatek;Amazon;Płatność Amazon;-336;37370
2026-08-04;Wydatek;Netflix;Płatność Netflix;-67;37303
2026-08-05;Wydatek;Kino;Płatność Kino;-285;37018
2026-08-05;Wydatek;Artykuły spożywcze;Płatność Artykuły spożywcze;-249;36769
2026-08-09;Wydatek;Elektronika;Płatność Elektronika;-32;36737
2026-08-09;Wydatek;Transport;Płatność Transport;-245;36492
2026-08-10;Wydatek;Amazon;Płatność Amazon;-84;36408
2026-08-10;Wydatek;Allegro;Płatność Allegro;-438;35970
2026-08-11;Wydatek;Apteka;Płatność Apteka;-212;35758
2026-08-11;Wydatek;Uber;Płatność Uber;-119;35639
2026-08-13;Wydatek;Sport;Płatność Sport;-428;35211
2026-08-14;Wydatek;Ubrania;Płatność Ubrania;-319;34892
2026-08-14;Wydatek;Apteka;Płatność Apteka;-164;34728
2026-08-14;Wydatek;Biedronka;Płatność Biedronka;-332;34396
2026-08-15;Wydatek;Restauracje;Płatność Restauracje;-178;34218
2026-08-15;Wydatek;Prezenty;Płatność Prezenty;-380;33838
2026-08-16;Wydatek;Paliwo;Płatność Paliwo;-235;33603
2026-08-17;Wydatek;Restauracje;Płatność Restauracje;-387;33216
2026-08-17;Wydatek;Rossmann;Płatność Rossmann;-347;32869
2026-08-17;Wydatek;Artykuły spożywcze;Płatność Artykuły spożywcze;-165;32704
2026-08-18;Wydatek;Paliwo;Płatność Paliwo;-241;32463
2026-08-20;Wydatek;Biedronka;Płatność Biedronka;-208;32255
2026-08-21;Wydatek;Ubrania;Płatność Ubrania;-246;32009
2026-08-21;Wydatek;Ubrania;Płatność Ubrania;-376;31633
2026-08-21;Wydatek;Rossmann;Płatność Rossmann;-397;31236
2026-08-23;Wydatek;Artykuły spożywcze;Płatność Artykuły spożywcze;-374;30862
2026-08-24;Wydatek;Bolt;Płatność Bolt;-225;30637
2026-08-24;Wydatek;Transport;Płatność Transport;-436;30201
2026-08-25;Wydatek;Restauracje;Płatność Restauracje;-202;29999
2026-08-25;Wydatek;Uber;Płatność Uber;-85;29914
2026-08-28;Wydatek;Podróże;Płatność Podróże;-431;29483
2026-08-28;Wydatek;Restauracje;Płatność Restauracje;-292;29191
2026-08-29;Wydatek;Amazon;Płatność Amazon;-45;29146
2026-08-29;Wydatek;Podróże;Płatność Podróże;-220;28926
2026-08-30;Wydatek;Paliwo;Płatność Paliwo;-141;28785
2026-09-10;Przychód;Wynagrodzenie;Wynagrodzenie;9111;37896
2026-09-20;Przychód;Najem;Najem;1500;39396
2026-09-01;Wydatek;Apteka;Płatność Apteka;-332;39064
2026-09-01;Wydatek;Sport;Płatność Sport;-372;38692
2026-09-01;Wydatek;PKP;Płatność PKP;-245;38447
2026-09-02;Wydatek;Rossmann;Płatność Rossmann;-89;38358
2026-09-02;Wydatek;Amazon;Płatność Amazon;-163;38195
2026-09-02;Wydatek;Apteka;Płatność Apteka;-434;37761
2026-09-03;Wydatek;Apteka;Płatność Apteka;-204;37557
2026-09-03;Wydatek;Artykuły spożywcze;Płatność Artykuły spożywcze;-368;37189
2026-09-03;Wydatek;Żabka;Płatność Żabka;-376;36813
2026-09-04;Wydatek;Czynsz;Płatność Czynsz;-115;36698
2026-09-04;Wydatek;Kino;Płatność Kino;-13;36685
2026-09-05;Wydatek;Żabka;Płatność Żabka;-403;36282
2026-09-05;Wydatek;Czynsz;Płatność Czynsz;-84;36198
2026-09-05;Wydatek;Kino;Płatność Kino;-277;35921
2026-09-07;Wydatek;Żabka;Płatność Żabka;-260;35661
2026-09-07;Wydatek;Sport;Płatność Sport;-435;35226
2026-09-08;Wydatek;Paliwo;Płatność Paliwo;-219;35007
2026-09-09;Wydatek;Paliwo;Płatność Paliwo;-263;34744
2026-09-11;Wydatek;Kino;Płatność Kino;-219;34525
2026-09-11;Wydatek;Ubrania;Płatność Ubrania;-360;34165
2026-09-11;Wydatek;Biedronka;Płatność Biedronka;-320;33845
2026-09-11;Wydatek;Podróże;Płatność Podróże;-333;33512
2026-09-12;Wydatek;Elektronika;Płatność Elektronika;-117;33395
2026-09-12;Wydatek;Lidl;Płatność Lidl;-112;33283
2026-09-13;Wydatek;Transport;Płatność Transport;-122;33161
2026-09-14;Wydatek;Apteka;Płatność Apteka;-303;32858
2026-09-14;Wydatek;Biedronka;Płatność Biedronka;-383;32475
2026-09-14;Wydatek;Transport;Płatność Transport;-201;32274
2026-09-14;Wydatek;Ubrania;Płatność Ubrania;-296;31978
2026-09-17;Wydatek;Sport;Płatność Sport;-126;31852
2026-09-17;Wydatek;Lidl;Płatność Lidl;-407;31445
2026-09-18;Wydatek;Kino;Płatność Kino;-144;31301
2026-09-19;Wydatek;Apteka;Płatność Apteka;-442;30859
2026-09-19;Wydatek;PKP;Płatność PKP;-82;30777
2026-09-21;Wydatek;Amazon;Płatność Amazon;-90;30687
2026-09-22;Wydatek;PKP;Płatność PKP;-309;30378
2026-09-24;Wydatek;Allegro;Płatność Allegro;-232;30146
2026-09-24;Wydatek;Siłownia;Płatność Siłownia;-205;29941
2026-09-24;Wydatek;Rossmann;Płatność Rossmann;-164;29777
2026-09-24;Wydatek;Biedronka;Płatność Biedronka;-184;29593
2026-09-25;Wydatek;Apteka;Płatność Apteka;-96;29497
2026-09-26;Wydatek;Allegro;Płatność Allegro;-179;29318
2026-09-26;Wydatek;Rossmann;Płatność Rossmann;-276;29042
2026-09-28;Wydatek;Allegro;Płatność Allegro;-232;28810
2026-09-29;Wydatek;Allegro;Płatność Allegro;-327;28483
2026-09-29;Wydatek;Siłownia;Płatność Siłownia;-231;28252
2026-09-30;Wydatek;Elektronika;Płatność Elektronika;-67;28185
2026-10-10;Przychód;Wynagrodzenie;Wynagrodzenie;9510;37695
2026-10-20;Przychód;Najem;Najem;1500;39195
2026-10-01;Wydatek;Ubrania;Płatność Ubrania;-219;38976
2026-10-01;Wydatek;Elektronika;Płatność Elektronika;-320;38656
2026-10-02;Wydatek;Biedronka;Płatność Biedronka;-316;38340
2026-10-02;Wydatek;Podróże;Płatność Podróże;-207;38133
2026-10-03;Wydatek;Podatki;Płatność Podatki;-450;37683
2026-10-03;Wydatek;Czynsz;Płatność Czynsz;-93;37590
2026-10-03;Wydatek;Biedronka;Płatność Biedronka;-256;37334
2026-10-04;Wydatek;Ubrania;Płatność Ubrania;-300;37034
2026-10-05;Wydatek;Kino;Płatność Kino;-227;36807
2026-10-05;Wydatek;Lidl;Płatność Lidl;-276;36531
2026-10-05;Wydatek;Elektronika;Płatność Elektronika;-390;36141
2026-10-06;Wydatek;Prezenty;Płatność Prezenty;-49;36092
2026-10-06;Wydatek;Rossmann;Płatność Rossmann;-135;35957
2026-10-07;Wydatek;PKP;Płatność PKP;-21;35936
2026-10-07;Wydatek;Paliwo;Płatność Paliwo;-194;35742
2026-10-07;Wydatek;Czynsz;Płatność Czynsz;-37;35705
2026-10-08;Wydatek;Rossmann;Płatność Rossmann;-142;35563
2026-10-08;Wydatek;Transport;Płatność Transport;-51;35512
2026-10-08;Wydatek;Elektronika;Płatność Elektronika;-64;35448
2026-10-10;Wydatek;Amazon;Płatność Amazon;-444;35004
2026-10-11;Wydatek;Apteka;Płatność Apteka;-113;34891
2026-10-11;Wydatek;Elektronika;Płatność Elektronika;-265;34626
2026-10-11;Wydatek;Artykuły spożywcze;Płatność Artykuły spożywcze;-99;34527
2026-10-12;Wydatek;Żabka;Płatność Żabka;-59;34468
2026-10-12;Wydatek;Transport;Płatność Transport;-311;34157
2026-10-12;Wydatek;Czynsz;Płatność Czynsz;-93;34064
2026-10-13;Wydatek;Podróże;Płatność Podróże;-314;33750
2026-10-14;Wydatek;Rossmann;Płatność Rossmann;-413;33337
2026-10-14;Wydatek;Kino;Płatność Kino;-56;33281
2026-10-15;Wydatek;Siłownia;Płatność Siłownia;-242;33039
2026-10-16;Wydatek;Prezenty;Płatność Prezenty;-313;32726
2026-10-16;Wydatek;Biedronka;Płatność Biedronka;-432;32294
2026-10-16;Wydatek;Transport;Płatność Transport;-198;32096
2026-10-17;Wydatek;Podróże;Płatność Podróże;-398;31698
2026-10-17;Wydatek;Biedronka;Płatność Biedronka;-272;31426
2026-10-18;Wydatek;Elektronika;Płatność Elektronika;-134;31292
2026-10-18;Wydatek;Elektronika;Płatność Elektronika;-58;31234
2026-10-19;Wydatek;Transport;Płatność Transport;-302;30932
2026-10-19;Wydatek;Siłownia;Płatność Siłownia;-109;30823
2026-10-20;Wydatek;Allegro;Płatność Allegro;-190;30633
2026-10-22;Wydatek;Allegro;Płatność Allegro;-195;30438
2026-10-23;Wydatek;Ubrania;Płatność Ubrania;-212;30226
2026-10-23;Wydatek;Siłownia;Płatność Siłownia;-58;30168
2026-10-23;Wydatek;Siłownia;Płatność Siłownia;-51;30117
2026-10-24;Wydatek;Biedronka;Płatność Biedronka;-147;29970
2026-10-25;Wydatek;Allegro;Płatność Allegro;-320;29650
2026-10-25;Wydatek;Sport;Płatność Sport;-382;29268
2026-10-26;Wydatek;Rossmann;Płatność Rossmann;-346;28922
2026-10-26;Wydatek;Bolt;Płatność Bolt;-166;28756
2026-10-28;Wydatek;Siłownia;Płatność Siłownia;-176;28580
2026-10-28;Wydatek;Żabka;Płatność Żabka;-387;28193
2026-10-28;Wydatek;PKP;Płatność PKP;-369;27824
2026-10-29;Wydatek;Sport;Płatność Sport;-22;27802
2026-10-30;Wydatek;Rossmann;Płatność Rossmann;-401;27401
2026-10-30;Wydatek;Apteka;Płatność Apteka;-213;27188
2026-10-30;Wydatek;Uber;Płatność Uber;-121;27067
2026-10-30;Wydatek;Lidl;Płatność Lidl;-397;26670
2026-10-31;Wydatek;Ubrania;Płatność Ubrania;-94;26576
2026-11-10;Przychód;Wynagrodzenie;Wynagrodzenie;9676;36252
2026-11-20;Przychód;Najem;Najem;1500;37752
2026-11-28;Przychód;Premia;Premia;4000;41752
2026-11-01;Wydatek;Transport;Płatność Transport;-72;41680
2026-11-02;Wydatek;Paliwo;Płatność Paliwo;-325;41355
2026-11-02;Wydatek;Spotify;Płatność Spotify;-25;41330
2026-11-02;Wydatek;Czynsz;Płatność Czynsz;-81;41249
2026-11-02;Wydatek;PKP;Płatność PKP;-373;40876
2026-11-04;Wydatek;Spotify;Płatność Spotify;-25;40851
2026-11-05;Wydatek;Podróże;Płatność Podróże;-90;40761
2026-11-05;Wydatek;Paliwo;Płatność Paliwo;-438;40323
2026-11-05;Wydatek;Netflix;Płatność Netflix;-67;40256
2026-11-06;Wydatek;Bolt;Płatność Bolt;-175;40081
2026-11-06;Wydatek;Żabka;Płatność Żabka;-166;39915
2026-11-09;Wydatek;Bolt;Płatność Bolt;-423;39492
2026-11-09;Wydatek;Żabka;Płatność Żabka;-344;39148
2026-11-09;Wydatek;Podróże;Płatność Podróże;-163;38985
2026-11-10;Wydatek;Sport;Płatność Sport;-168;38817
2026-11-10;Wydatek;Biedronka;Płatność Biedronka;-195;38622
2026-11-13;Wydatek;Amazon;Płatność Amazon;-142;38480
2026-11-13;Wydatek;Rossmann;Płatność Rossmann;-332;38148
2026-11-14;Wydatek;Prezenty;Płatność Prezenty;-118;38030
2026-11-14;Wydatek;Bolt;Płatność Bolt;-203;37827
2026-11-15;Wydatek;Transport;Płatność Transport;-384;37443
2026-11-15;Wydatek;Kino;Płatność Kino;-320;37123
2026-11-16;Wydatek;Allegro;Płatność Allegro;-136;36987
2026-11-16;Wydatek;Paliwo;Płatność Paliwo;-372;36615
2026-11-19;Wydatek;Prezenty;Płatność Prezenty;-432;36183
2026-11-19;Wydatek;Lidl;Płatność Lidl;-128;36055
2026-11-20;Wydatek;Sport;Płatność Sport;-72;35983
2026-11-20;Wydatek;Sport;Płatność Sport;-254;35729
2026-11-20;Wydatek;Sport;Płatność Sport;-432;35297
2026-11-23;Wydatek;Czynsz;Płatność Czynsz;-89;35208
2026-11-23;Wydatek;Amazon;Płatność Amazon;-28;35180
2026-11-24;Wydatek;Lidl;Płatność Lidl;-288;34892
2026-11-24;Wydatek;Amazon;Płatność Amazon;-450;34442
2026-11-25;Wydatek;Artykuły spożywcze;Płatność Artykuły spożywcze;-365;34077
2026-11-25;Wydatek;Artykuły spożywcze;Płatność Artykuły spożywcze;-102;33975
2026-11-27;Wydatek;Sport;Płatność Sport;-32;33943
2026-11-27;Wydatek;Apteka;Płatność Apteka;-265;33678
2026-11-27;Wydatek;Elektronika;Płatność Elektronika;-82;33596
2026-11-27;Wydatek;Uber;Płatność Uber;-60;33536
2026-11-28;Wydatek;Elektronika;Płatność Elektronika;-379;33157
2026-11-29;Wydatek;Restauracje;Płatność Restauracje;-382;32775
2026-11-29;Wydatek;PKP;Płatność PKP;-280;32495
2026-11-29;Wydatek;Sport;Płatność Sport;-403;32092
2026-11-29;Wydatek;Elektronika;Płatność Elektronika;-159;31933
2026-11-30;Wydatek;Bolt;Płatność Bolt;-420;31513
2026-11-30;Wydatek;Biedronka;Płatność Biedronka;-105;31408
2026-11-30;Wydatek;Apteka;Płatność Apteka;-402;31006
2026-11-30;Wydatek;Rossmann;Płatność Rossmann;-159;30847
2026-12-10;Przychód;Wynagrodzenie;Wynagrodzenie;10462;41309
2026-12-20;Przychód;Najem;Najem;1500;42809
2026-12-03;Wydatek;Netflix;Płatność Netflix;-67;42742
2026-12-04;Wydatek;Transport;Płatność Transport;-294;42448
2026-12-04;Wydatek;Żabka;Płatność Żabka;-445;42003
2026-12-04;Wydatek;Telefon;Płatność Telefon;-75;41928
2026-12-05;Wydatek;Allegro;Płatność Allegro;-339;41589
2026-12-06;Wydatek;Bolt;Płatność Bolt;-273;41316
2026-12-08;Wydatek;Podróże;Płatność Podróże;-183;41133
2026-12-10;Wydatek;PKP;Płatność PKP;-125;41008
2026-12-10;Wydatek;Siłownia;Płatność Siłownia;-288;40720
2026-12-12;Wydatek;Paliwo;Płatność Paliwo;-97;40623
2026-12-12;Wydatek;PKP;Płatność PKP;-12;40611
2026-12-13;Wydatek;Ubrania;Płatność Ubrania;-8;40603
2026-12-13;Wydatek;Podróże;Płatność Podróże;-354;40249
2026-12-15;Wydatek;Lidl;Płatność Lidl;-45;40204
2026-12-15;Wydatek;Bolt;Płatność Bolt;-241;39963
2026-12-17;Wydatek;Restauracje;Płatność Restauracje;-395;39568
2026-12-17;Wydatek;Kino;Płatność Kino;-37;39531
2026-12-17;Wydatek;Elektronika;Płatność Elektronika;-166;39365
2026-12-17;Wydatek;Kino;Płatność Kino;-112;39253
2026-12-20;Wydatek;Bolt;Płatność Bolt;-186;39067
2026-12-20;Wydatek;Apteka;Płatność Apteka;-26;39041
2026-12-20;Wydatek;Rossmann;Płatność Rossmann;-216;38825
2026-12-21;Wydatek;Podróże;Płatność Podróże;-350;38475
2026-12-23;Wydatek;Siłownia;Płatność Siłownia;-170;38305
2026-12-23;Wydatek;Kino;Płatność Kino;-305;38000
2026-12-23;Wydatek;Apteka;Płatność Apteka;-224;37776
2026-12-24;Wydatek;Uber;Płatność Uber;-192;37584
2026-12-25;Wydatek;Żabka;Płatność Żabka;-295;37289
2026-12-25;Wydatek;Paliwo;Płatność Paliwo;-304;36985
2026-12-25;Wydatek;Lidl;Płatność Lidl;-178;36807
2026-12-25;Wydatek;Bolt;Płatność Bolt;-187;36620
2026-12-26;Wydatek;Bolt;Płatność Bolt;-88;36532
2026-12-26;Wydatek;Uber;Płatność Uber;-75;36457
2026-12-26;Wydatek;Ubrania;Płatność Ubrania;-390;36067
2026-12-27;Wydatek;Lidl;Płatność Lidl;-10;36057
2026-12-27;Wydatek;Uber;Płatność Uber;-178;35879
2026-12-28;Wydatek;Transport;Płatność Transport;-416;35463
2026-12-29;Wydatek;Biedronka;Płatność Biedronka;-9;35454
2026-12-29;Wydatek;Żabka;Płatność Żabka;-142;35312
2026-12-30;Wydatek;Siłownia;Płatność Siłownia;-394;34918
2026-12-30;Wydatek;Transport;Płatność Transport;-292;34626
2026-12-30;Wydatek;Sport;Płatność Sport;-329;34297
2026-12-30;Wydatek;Lidl;Płatność Lidl;-73;34224
2026-12-31;Wydatek;Transport;Płatność Transport;-108;34116
2026-12-31;Wydatek;Amazon;Płatność Amazon;-97;34019
2026-12-31;Wydatek;Siłownia;Płatność Siłownia;-194;33825
