Data ksiêgowania;Data waluty;Nadawca / Odbiorca;Adres nadawcy / odbiorcy;Rachunek Ÿród³owy;Rachunek docelowy;Tytu³em;Kwota operacji;Waluta;Numer referencyjny;Typ operacji;Kategoria
10.01.2026;10.01.2026;PRACODAWCA SP. Z O.O.;;;'23124015321111001044176713;Wynagrodzenie;10553;PLN;'C565481978758361;PRZELEW;Wynagrodzenie
20.01.2026;20.01.2026;NAJEMCA JAN KOWALSKI;;;'23124015321111001044176713;Najem;1500;PLN;'C882585549555517;PRZELEW;Najem
02.01.2026;02.01.2026;ROSSMANN;;'23124015321111001044176713;;*********2985017;-59;PLN;'C476621783385492;TRANSAKCJA KART¥ P£ATNICZ¥;Rossmann
02.01.2026;02.01.2026;CIRCLE K;;'23124015321111001044176713;;*********9980415;-30;PLN;'C400445426746716;TRANSAKCJA KART¥ P£ATNICZ¥;Paliwo
02.01.2026;02.01.2026;AUCHAN POLSKA SP. Z O.O.;;'23124015321111001044176713;;*********5128471;-143;PLN;'C741052273356901;TRANSAKCJA KART¥ P£ATNICZ¥;Artyku³y spo¿ywcze
03.01.2026;03.01.2026;UBER;;'23124015321111001044176713;;*********7144633;-396;PLN;'C978703385850268;TRANSAKCJA KART¥ P£ATNICZ¥;Uber
03.01.2026;03.01.2026;SPOTIFY;;'23124015321111001044176713;;*********4412478;-25;PLN;'C289274958772302;TRANSAKCJA KART¥ P£ATNICZ¥;Spotify
03.01.2026;03.01.2026;LIDL;;'23124015321111001044176713;;*********3531158;-239;PLN;'C258479781389753;TRANSAKCJA KART¥ P£ATNICZ¥;Lidl
03.01.2026;03.01.2026;CIRCLE K;;'23124015321111001044176713;;*********6646032;-433;PLN;'C230197752563399;TRANSAKCJA KART¥ P£ATNICZ¥;Paliwo
04.01.2026;04.01.2026;TELEFON;;'23124015321111001044176713;;*********8184551;-75;PLN;'C480606572745592;TRANSAKCJA KART¥ P£ATNICZ¥;Telefon
04.01.2026;04.01.2026;LIDL;;'23124015321111001044176713;;*********4194650;-380;PLN;'C897973238064122;TRANSAKCJA KART¥ P£ATNICZ¥;Lidl
04.01.2026;04.01.2026;ALLEGRO SP. Z O.O.;;'23124015321111001044176713;;*********7323528;-304;PLN;'C844440526698889;TRANSAKCJA KART¥ P£ATNICZ¥;Allegro
04.01.2026;04.01.2026;PIZZA HUT;;'23124015321111001044176713;;*********4652609;-225;PLN;'C363694776164897;TRANSAKCJA KART¥ P£ATNICZ¥;Restauracje
06.01.2026;06.01.2026;CIRCLE K;;'23124015321111001044176713;;*********5309012;-119;PLN;'C580148296808191;TRANSAKCJA KART¥ P£ATNICZ¥;Paliwo
07.01.2026;07.01.2026;SI£OWNIA;;'23124015321111001044176713;;*********1515247;-217;PLN;'C368969893629093;TRANSAKCJA KART¥ P£ATNICZ¥;Si³ownia
07.01.2026;07.01.2026;ALLEGRO SP. Z O.O.;;'23124015321111001044176713;;*********6935540;-284;PLN;'C614096980018844;TRANSAKCJA KART¥ P£ATNICZ¥;Allegro
08.01.2026;08.01.2026;¯ABKA;;'23124015321111001044176713;;*********6333915;-209;PLN;'C146164475324243;TRANSAKCJA KART¥ P£ATNICZ¥;¯abka
08.01.2026;08.01.2026;CIRCLE K;;'23124015321111001044176713;;*********1335852;-53;PLN;'C502225757202948;TRANSAKCJA KART¥ P£ATNICZ¥;Paliwo
11.01.2026;11.01.2026;KINO;;'23124015321111001044176713;;*********4284234;-38;PLN;'C137681446018238;TRANSAKCJA KART¥ P£ATNICZ¥;Kino
11.01.2026;11.01.2026;AMAZON EU;;'23124015321111001044176713;;*********3810384;-105;PLN;'C646570910928987;TRANSAKCJA KART¥ P£ATNICZ¥;Amazon
11.01.2026;11.01.2026;MEDIA EXPERT;;'23124015321111001044176713;;*********8342989;-122;PLN;'C566649106396002;TRANSAKCJA KART¥ P£ATNICZ¥;Elektronika
12.01.2026;12.01.2026;CZYNSZ;;'23124015321111001044176713;;*********2277810;-84;PLN;'C775069168306328;TRANSAKCJA KART¥ P£ATNICZ¥;Czynsz
12.01.2026;12.01.2026;PREZENTY;;'23124015321111001044176713;;*********1525979;-276;PLN;'C419125942188801;TRANSAKCJA KART¥ P£ATNICZ¥;Prezenty
12.01.2026;12.01.2026;BOLT;;'23124015321111001044176713;;*********5745137;-242;PLN;'C285579705209308;TRANSAKCJA KART¥ P£ATNICZ¥;Bolt
12.01.2026;12.01.2026;¯ABKA;;'23124015321111001044176713;;*********6139083;-309;PLN;'C482461667205678;TRANSAKCJA KART¥ P£ATNICZ¥;¯abka
13.01.2026;13.01.2026;DOZ APTEKA;;'23124015321111001044176713;;*********9155382;-64;PLN;'C621980343608538;TRANSAKCJA KART¥ P£ATNICZ¥;Apteka
14.01.2026;14.01.2026;PKP;;'23124015321111001044176713;;*********5125818;-275;PLN;'C267363885459215;TRANSAKCJA KART¥ P£ATNICZ¥;PKP
15.01.2026;15.01.2026;KINO;;'23124015321111001044176713;;*********9182065;-152;PLN;'C831612235715865;TRANSAKCJA KART¥ P£ATNICZ¥;Kino
17.01.2026;17.01.2026;UBER;;'23124015321111001044176713;;*********7643941;-411;PLN;'C533640289193344;TRANSAKCJA KART¥ P£ATNICZ¥;Uber
17.01.2026;17.01.2026;SI£OWNIA;;'23124015321111001044176713;;*********3500883;-78;PLN;'C332455055811273;TRANSAKCJA KART¥ P£ATNICZ¥;Si³ownia
18.01.2026;18.01.2026;LIDL;;'23124015321111001044176713;;*********1953616;-166;PLN;'C782771372384099;TRANSAKCJA KART¥ P£ATNICZ¥;Lidl
18.01.2026;18.01.2026;STARBUCKS;;'23124015321111001044176713;;*********8449448;-16;PLN;'C190265700461881;TRANSAKCJA KART¥ P£ATNICZ¥;Restauracje
19.01.2026;19.01.2026;AMAZON EU;;'23124015321111001044176713;;*********4827574;-131;PLN;'C364263741113952;TRANSAKCJA KART¥ P£ATNICZ¥;Amazon
19.01.2026;19.01.2026;¯ABKA;;'23124015321111001044176713;;*********8029788;-131;PLN;'C256009900364876;TRANSAKCJA KART¥ P£ATNICZ¥;¯abka
19.01.2026;19.01.2026;AMAZON EU;;'23124015321111001044176713;;*********9979765;-13;PLN;'C945889522375127;TRANSAKCJA KART¥ P£ATNICZ¥;Amazon
19.01.2026;19.01.2026;PODRÓ¯E;;'23124015321111001044176713;;*********2269933;-399;PLN;'C946020012265713;TRANSAKCJA KART¥ P£ATNICZ¥;Podró¿e
20.01.2026;20.01.2026;JAKDOJADE;;'23124015321111001044176713;;*********4212924;-74;PLN;'C290049067424723;TRANSAKCJA KART¥ P£ATNICZ¥;Transport
20.01.2026;20.01.2026;PREZENTY;;'23124015321111001044176713;;*********6997886;-331;PLN;'C552230535740604;TRANSAKCJA KART¥ P£ATNICZ¥;Prezenty
21.01.2026;21.01.2026;PREZENTY;;'23124015321111001044176713;;*********8865590;-185;PLN;'C120777121130399;TRANSAKCJA KART¥ P£ATNICZ¥;Prezenty
22.01.2026;22.01.2026;SI£OWNIA;;'23124015321111001044176713;;*********1951336;-268;PLN;'C974827665802817;TRANSAKCJA KART¥ P£ATNICZ¥;Si³ownia
23.01.2026;23.01.2026;¯ABKA POLSKA;;'23124015321111001044176713;;*********3443551;-396;PLN;'C534069601102605;TRANSAKCJA KART¥ P£ATNICZ¥;Artyku³y spo¿ywcze
23.01.2026;23.01.2026;H&M;;'23124015321111001044176713;;*********9948529;-401;PLN;'C320931141000395;TRANSAKCJA KART¥ P£ATNICZ¥;Ubrania
23.01.2026;23.01.2026;UBER;;'23124015321111001044176713;;*********2660896;-403;PLN;'C990087907899351;TRANSAKCJA KART¥ P£ATNICZ¥;Uber
24.01.2026;24.01.2026;BOLT;;'23124015321111001044176713;;*********6814658;-341;PLN;'C277934939529135;TRANSAKCJA KART¥ P£ATNICZ¥;Bolt
25.01.2026;25.01.2026;PKP INTERCITY;;'23124015321111001044176713;;*********9865698;-355;PLN;'C172038221694248;TRANSAKCJA KART¥ P£ATNICZ¥;Transport
25.01.2026;25.01.2026;UBER;;'23124015321111001044176713;;*********7305509;-350;PLN;'C738418732678892;TRANSAKCJA KART¥ P£ATNICZ¥;Uber
25.01.2026;25.01.2026;DOZ APTEKA;;'23124015321111001044176713;;*********8766001;-327;PLN;'C951433579118526;TRANSAKCJA KART¥ P£ATNICZ¥;Apteka
26.01.2026;26.01.2026;ALLEGRO SP. Z O.O.;;'23124015321111001044176713;;*********9416231;-333;PLN;'C984066595363983;TRANSAKCJA KART¥ P£ATNICZ¥;Allegro
26.01.2026;26.01.2026;DECATHLON;;'23124015321111001044176713;;*********1437057;-96;PLN;'C532543191080643;TRANSAKCJA KART¥ P£ATNICZ¥;Sport
27.01.2026;27.01.2026;BOLT;;'23124015321111001044176713;;*********6604387;-31;PLN;'C279727845357134;TRANSAKCJA KART¥ P£ATNICZ¥;Bolt
27.01.2026;27.01.2026;DOZ APTEKA;;'23124015321111001044176713;;*********2304616;-352;PLN;'C979532928988429;TRANSAKCJA KART¥ P£ATNICZ¥;Apteka
27.01.2026;27.01.2026;KINO;;'23124015321111001044176713;;*********4693018;-129;PLN;'C952290724879634;TRANSAKCJA KART¥ P£ATNICZ¥;Kino
28.01.2026;28.01.2026;¯ABKA;;'23124015321111001044176713;;*********1905606;-104;PLN;'C981638438646000;TRANSAKCJA KART¥ P£ATNICZ¥;¯abka
28.01.2026;28.01.2026;¯ABKA;;'23124015321111001044176713;;*********4624028;-204;PLN;'C250300936269470;TRANSAKCJA KART¥ P£ATNICZ¥;¯abka
28.01.2026;28.01.2026;X-KOM;;'23124015321111001044176713;;*********2462878;-332;PLN;'C904682590827514;TRANSAKCJA KART¥ P£ATNICZ¥;Elektronika
29.01.2026;29.01.2026;¯ABKA;;'23124015321111001044176713;;*********1527176;-420;PLN;'C822272141718804;TRANSAKCJA KART¥ P£ATNICZ¥;¯abka
29.01.2026;29.01.2026;KINO;;'23124015321111001044176713;;*********6397216;-297;PLN;'C211482201025942;TRANSAKCJA KART¥ P£ATNICZ¥;Kino
29.01.2026;29.01.2026;DOZ APTEKA;;'23124015321111001044176713;;*********2152132;-334;PLN;'C497455948146247;TRANSAKCJA KART¥ P£ATNICZ¥;Apteka
30.01.2026;30.01.2026;CZYNSZ;;'23124015321111001044176713;;*********3261728;-52;PLN;'C874394602269722;TRANSAKCJA KART¥ P£ATNICZ¥;Czynsz
30.01.2026;30.01.2026;CIRCLE K;;'23124015321111001044176713;;*********6383012;-250;PLN;'C598643694094332;TRANSAKCJA KART¥ P£ATNICZ¥;Paliwo
31.01.2026;31.01.2026;ZTM WARSZAWA;;'23124015321111001044176713;;*********9251887;-77;PLN;'C240478184202340;TRANSAKCJA KART¥ P£ATNICZ¥;Transport
31.01.2026;31.01.2026;PKP;;'23124015321111001044176713;;*********4636184;-64;PLN;'C462684879261308;TRANSAKCJA KART¥ P£ATNICZ¥;PKP
31.01.2026;31.01.2026;AUCHAN POLSKA SP. Z O.O.;;'23124015321111001044176713;;*********8669774;-186;PLN;'C960266088041929;TRANSAKCJA KART¥ P£ATNICZ¥;Artyku³y spo¿ywcze
10.02.2026;10.02.2026;PRACODAWCA SP. Z O.O.;;;'23124015321111001044176713;Wynagrodzenie;10156;PLN;'C325493647513056;PRZELEW;Wynagrodzenie
20.02.2026;20.02.2026;NAJEMCA JAN KOWALSKI;;;'23124015321111001044176713;Najem;1500;PLN;'C722397629944517;PRZELEW;Najem
28.02.2026;28.02.2026;PREMIA;;;'23124015321111001044176713;Premia;2500;PLN;'C595934796066982;PRZELEW;Premia
02.02.2026;02.02.2026;PKP;;'23124015321111001044176713;;*********1974086;-100;PLN;'C427708117507488;TRANSAKCJA KART¥ P£ATNICZ¥;PKP
02.02.2026;02.02.2026;ORLEN;;'23124015321111001044176713;;*********3698415;-311;PLN;'C694026711237257;TRANSAKCJA KART¥ P£ATNICZ¥;Paliwo
02.02.2026;02.02.2026;UBEZPIECZENIE;;'23124015321111001044176713;;*********7136743;-320;PLN;'C505043264525941;TRANSAKCJA KART¥ P£ATNICZ¥;Ubezpieczenie
04.02.2026;04.02.2026;TELEFON;;'23124015321111001044176713;;*********6441827;-75;PLN;'C868458104444750;TRANSAKCJA KART¥ P£ATNICZ¥;Telefon
04.02.2026;04.02.2026;CZYNSZ;;'23124015321111001044176713;;*********2612560;-48;PLN;'C536289379800490;TRANSAKCJA KART¥ P£ATNICZ¥;Czynsz
04.02.2026;04.02.2026;SI£OWNIA;;'23124015321111001044176713;;*********7586643;-377;PLN;'C459095909759293;TRANSAKCJA KART¥ P£ATNICZ¥;Si³ownia
05.02.2026;05.02.2026;PODRÓ¯E;;'23124015321111001044176713;;*********2628182;-328;PLN;'C617555850458724;TRANSAKCJA KART¥ P£ATNICZ¥;Podró¿e
05.02.2026;05.02.2026;TELEFON;;'23124015321111001044176713;;*********7097741;-75;PLN;'C393202485507727;TRANSAKCJA KART¥ P£ATNICZ¥;Telefon
05.02.2026;05.02.2026;BIEDRONKA OLSZTYN;;'23124015321111001044176713;;*********4106521;-206;PLN;'C752658660945843;TRANSAKCJA KART¥ P£ATNICZ¥;Artyku³y spo¿ywcze
07.02.2026;07.02.2026;H&M;;'23124015321111001044176713;;*********9227538;-228;PLN;'C831894139333151;TRANSAKCJA KART¥ P£ATNICZ¥;Ubrania
08.02.2026;08.02.2026;ROSSMANN;;'23124015321111001044176713;;*********9368905;-326;PLN;'C668843432589956;TRANSAKCJA KART¥ P£ATNICZ¥;Rossmann
10.02.2026;10.02.2026;RESERVED;;'23124015321111001044176713;;*********3682402;-105;PLN;'C338345446089221;TRANSAKCJA KART¥ P£ATNICZ¥;Ubrania
10.02.2026;10.02.2026;ZTM WARSZAWA;;'23124015321111001044176713;;*********8393436;-178;PLN;'C580929905465951;TRANSAKCJA KART¥ P£ATNICZ¥;Transport
10.02.2026;10.02.2026;DECATHLON;;'23124015321111001044176713;;*********3686732;-436;PLN;'C619048656801665;TRANSAKCJA KART¥ P£ATNICZ¥;Sport
12.02.2026;12.02.2026;RESERVED;;'23124015321111001044176713;;*********3641273;-228;PLN;'C977824547467491;TRANSAKCJA KART¥ P£ATNICZ¥;Ubrania
12.02.2026;12.02.2026;DOZ APTEKA;;'23124015321111001044176713;;*********5774354;-158;PLN;'C758998125545453;TRANSAKCJA KART¥ P£ATNICZ¥;Apteka
14.02.2026;14.02.2026;ZTM WARSZAWA;;'23124015321111001044176713;;*********4820120;-189;PLN;'C735871421388446;TRANSAKCJA KART¥ P£ATNICZ¥;Transport
14.02.2026;14.02.2026;UBER;;'23124015321111001044176713;;*********8876200;-249;PLN;'C636597186185163;TRANSAKCJA KART¥ P£ATNICZ¥;Uber
14.02.2026;14.02.2026;¯ABKA;;'23124015321111001044176713;;*********2873994;-438;PLN;'C458713096962425;TRANSAKCJA KART¥ P£ATNICZ¥;¯abka
15.02.2026;15.02.2026;ALLEGRO SP. Z O.O.;;'23124015321111001044176713;;*********7652561;-241;PLN;'C194623655214704;TRANSAKCJA KART¥ P£ATNICZ¥;Allegro
15.02.2026;15.02.2026;¯ABKA POLSKA;;'23124015321111001044176713;;*********9028170;-356;PLN;'C529490898958559;TRANSAKCJA KART¥ P£ATNICZ¥;Artyku³y spo¿ywcze
15.02.2026;15.02.2026;AMAZON EU;;'23124015321111001044176713;;*********9853458;-37;PLN;'C290099570300171;TRANSAKCJA KART¥ P£ATNICZ¥;Amazon
16.02.2026;16.02.2026;UBER;;'23124015321111001044176713;;*********4469636;-310;PLN;'C356946799247956;TRANSAKCJA KART¥ P£ATNICZ¥;Uber
16.02.2026;16.02.2026;BIEDRONKA OLSZTYN;;'23124015321111001044176713;;*********1567999;-43;PLN;'C335783342056233;TRANSAKCJA KART¥ P£ATNICZ¥;Artyku³y spo¿ywcze
20.02.2026;20.02.2026;PIZZA HUT;;'23124015321111001044176713;;*********7910336;-95;PLN;'C457359092461037;TRANSAKCJA KART¥ P£ATNICZ¥;Restauracje
20.02.2026;20.02.2026;BP POLSKA;;'23124015321111001044176713;;*********9167620;-371;PLN;'C132255502535957;TRANSAKCJA KART¥ P£ATNICZ¥;Paliwo
20.02.2026;20.02.2026;ROSSMANN;;'23124015321111001044176713;;*********4102036;-244;PLN;'C410083571920302;TRANSAKCJA KART¥ P£ATNICZ¥;Rossmann
21.02.2026;21.02.2026;BOLT;;'23124015321111001044176713;;*********4643589;-410;PLN;'C187345829374848;TRANSAKCJA KART¥ P£ATNICZ¥;Bolt
21.02.2026;21.02.2026;DOZ APTEKA;;'23124015321111001044176713;;*********8782316;-435;PLN;'C648294316133193;TRANSAKCJA KART¥ P£ATNICZ¥;Apteka
21.02.2026;21.02.2026;SI£OWNIA;;'23124015321111001044176713;;*********3891039;-195;PLN;'C245537168177358;TRANSAKCJA KART¥ P£ATNICZ¥;Si³ownia
23.02.2026;23.02.2026;AMAZON EU;;'23124015321111001044176713;;*********5940598;-174;PLN;'C161321568765917;TRANSAKCJA KART¥ P£ATNICZ¥;Amazon
23.02.2026;23.02.2026;ALLEGRO SP. Z O.O.;;'23124015321111001044176713;;*********8745583;-410;PLN;'C153362404069306;TRANSAKCJA KART¥ P£ATNICZ¥;Allegro
24.02.2026;24.02.2026;BOLT;;'23124015321111001044176713;;*********4209627;-298;PLN;'C737691724228143;TRANSAKCJA KART¥ P£ATNICZ¥;Bolt
24.02.2026;24.02.2026;PIZZA HUT;;'23124015321111001044176713;;*********4162074;-113;PLN;'C291463343554436;TRANSAKCJA KART¥ P£ATNICZ¥;Restauracje
25.02.2026;25.02.2026;KINO;;'23124015321111001044176713;;*********4684935;-96;PLN;'C839497759455431;TRANSAKCJA KART¥ P£ATNICZ¥;Kino
25.02.2026;25.02.2026;BIEDRONKA;;'23124015321111001044176713;;*********9258501;-414;PLN;'C611618267126693;TRANSAKCJA KART¥ P£ATNICZ¥;Biedronka
25.02.2026;25.02.2026;LIDL;;'23124015321111001044176713;;*********1188803;-161;PLN;'C685065532581096;TRANSAKCJA KART¥ P£ATNICZ¥;Lidl
26.02.2026;26.02.2026;PODRÓ¯E;;'23124015321111001044176713;;*********3895351;-237;PLN;'C864875414348529;TRANSAKCJA KART¥ P£ATNICZ¥;Podró¿e
26.02.2026;26.02.2026;ALLEGRO SP. Z O.O.;;'23124015321111001044176713;;*********3175480;-80;PLN;'C985214897914145;TRANSAKCJA KART¥ P£ATNICZ¥;Allegro
27.02.2026;27.02.2026;DOZ APTEKA;;'23124015321111001044176713;;*********3317123;-28;PLN;'C821029236354945;TRANSAKCJA KART¥ P£ATNICZ¥;Apteka
28.02.2026;28.02.2026;PREZENTY;;'23124015321111001044176713;;*********9808699;-203;PLN;'C138999873236818;TRANSAKCJA KART¥ P£ATNICZ¥;Prezenty
28.02.2026;28.02.2026;DECATHLON;;'23124015321111001044176713;;*********6140731;-448;PLN;'C363784860039314;TRANSAKCJA KART¥ P£ATNICZ¥;Sport
28.02.2026;28.02.2026;AMAZON EU;;'23124015321111001044176713;;*********2539689;-191;PLN;'C240011224603131;TRANSAKCJA KART¥ P£ATNICZ¥;Amazon
10.03.2026;10.03.2026;PRACODAWCA SP. Z O.O.;;;'23124015321111001044176713;Wynagrodzenie;9026;PLN;'C232925864890879;PRZELEW;Wynagrodzenie
20.03.2026;20.03.2026;NAJEMCA JAN KOWALSKI;;;'23124015321111001044176713;Najem;1500;PLN;'C968531408673238;PRZELEW;Najem
28.03.2026;28.03.2026;PREMIA;;;'23124015321111001044176713;Premia;4000;PLN;'C698154103255579;PRZELEW;Premia
01.03.2026;01.03.2026;SPOTIFY;;'23124015321111001044176713;;*********5846526;-25;PLN;'C220779706758624;TRANSAKCJA KART¥ P£ATNICZ¥;Spotify
01.03.2026;01.03.2026;DOZ APTEKA;;'23124015321111001044176713;;*********2795968;-168;PLN;'C451935330050612;TRANSAKCJA KART¥ P£ATNICZ¥;Apteka
02.03.2026;02.03.2026;PODATKI;;'23124015321111001044176713;;*********3285074;-450;PLN;'C632457883685782;TRANSAKCJA KART¥ P£ATNICZ¥;Podatki
02.03.2026;02.03.2026;TELEFON;;'23124015321111001044176713;;*********2921340;-75;PLN;'C621915814797418;TRANSAKCJA KART¥ P£ATNICZ¥;Telefon
02.03.2026;02.03.2026;PODRÓ¯E;;'23124015321111001044176713;;*********5437748;-27;PLN;'C745734915231331;TRANSAKCJA KART¥ P£ATNICZ¥;Podró¿e
02.03.2026;02.03.2026;KINO;;'23124015321111001044176713;;*********8049606;-45;PLN;'C606954936846006;TRANSAKCJA KART¥ P£ATNICZ¥;Kino
03.03.2026;03.03.2026;UBER;;'23124015321111001044176713;;*********9405339;-276;PLN;'C700729631811094;TRANSAKCJA KART¥ P£ATNICZ¥;Uber
03.03.2026;03.03.2026;PR¥D;;'23124015321111001044176713;;*********1789729;-220;PLN;'C749246272644863;TRANSAKCJA KART¥ P£ATNICZ¥;Pr¹d
05.03.2026;05.03.2026;NETFLIX;;'23124015321111001044176713;;*********9332014;-67;PLN;'C829738625426468;TRANSAKCJA KART¥ P£ATNICZ¥;Netflix
05.03.2026;05.03.2026;GAZ;;'23124015321111001044176713;;*********7614302;-180;PLN;'C468543482630980;TRANSAKCJA KART¥ P£ATNICZ¥;Gaz
06.03.2026;06.03.2026;RESERVED;;'23124015321111001044176713;;*********5155613;-387;PLN;'C297161859587426;TRANSAKCJA KART¥ P£ATNICZ¥;Ubrania
06.03.2026;06.03.2026;UBER;;'23124015321111001044176713;;*********4181242;-290;PLN;'C200530652590333;TRANSAKCJA KART¥ P£ATNICZ¥;Uber
06.03.2026;06.03.2026;PKP;;'23124015321111001044176713;;*********7320968;-72;PLN;'C773294835300809;TRANSAKCJA KART¥ P£ATNICZ¥;PKP
08.03.2026;08.03.2026;PREZENTY;;'23124015321111001044176713;;*********5737969;-355;PLN;'C903277696732708;TRANSAKCJA KART¥ P£ATNICZ¥;Prezenty
08.03.2026;08.03.2026;LIDL;;'23124015321111001044176713;;*********1663634;-189;PLN;'C246266466519608;TRANSAKCJA KART¥ P£ATNICZ¥;Lidl
09.03.2026;09.03.2026;DOZ APTEKA;;'23124015321111001044176713;;*********6803664;-275;PLN;'C133959028511082;TRANSAKCJA KART¥ P£ATNICZ¥;Apteka
10.03.2026;10.03.2026;SI£OWNIA;;'23124015321111001044176713;;*********2236387;-420;PLN;'C294441671892152;TRANSAKCJA KART¥ P£ATNICZ¥;Si³ownia
10.03.2026;10.03.2026;BOLT;;'23124015321111001044176713;;*********2350877;-113;PLN;'C635345173964094;TRANSAKCJA KART¥ P£ATNICZ¥;Bolt
11.03.2026;11.03.2026;AMAZON EU;;'23124015321111001044176713;;*********5416891;-161;PLN;'C905294947646386;TRANSAKCJA KART¥ P£ATNICZ¥;Amazon
13.03.2026;13.03.2026;KINO;;'23124015321111001044176713;;*********7693435;-388;PLN;'C151533126948809;TRANSAKCJA KART¥ P£ATNICZ¥;Kino
14.03.2026;14.03.2026;STARBUCKS;;'23124015321111001044176713;;*********1027713;-136;PLN;'C948603148088634;TRANSAKCJA KART¥ P£ATNICZ¥;Restauracje
16.03.2026;16.03.2026;DOZ APTEKA;;'23124015321111001044176713;;*********1833403;-433;PLN;'C112624078148366;TRANSAKCJA KART¥ P£ATNICZ¥;Apteka
16.03.2026;16.03.2026;BIEDRONKA;;'23124015321111001044176713;;*********2936575;-308;PLN;'C292052012518185;TRANSAKCJA KART¥ P£ATNICZ¥;Biedronka
18.03.2026;18.03.2026;SI£OWNIA;;'23124015321111001044176713;;*********3881206;-408;PLN;'C656617457359805;TRANSAKCJA KART¥ P£ATNICZ¥;Si³ownia
18.03.2026;18.03.2026;MEDIA EXPERT;;'23124015321111001044176713;;*********3918568;-438;PLN;'C696905490856795;TRANSAKCJA KART¥ P£ATNICZ¥;Elektronika
18.03.2026;18.03.2026;ALLEGRO SP. Z O.O.;;'23124015321111001044176713;;*********5026410;-206;PLN;'C368228070714444;TRANSAKCJA KART¥ P£ATNICZ¥;Allegro
19.03.2026;19.03.2026;DOZ APTEKA;;'23124015321111001044176713;;*********5535357;-296;PLN;'C651625703426956;TRANSAKCJA KART¥ P£ATNICZ¥;Apteka
19.03.2026;19.03.2026;LIDL POLSKA;;'23124015321111001044176713;;*********8249371;-189;PLN;'C764000524122459;TRANSAKCJA KART¥ P£ATNICZ¥;Artyku³y spo¿ywcze
19.03.2026;19.03.2026;¯ABKA POLSKA;;'23124015321111001044176713;;*********1438792;-299;PLN;'C385254042869636;TRANSAKCJA KART¥ P£ATNICZ¥;Artyku³y spo¿ywcze
19.03.2026;19.03.2026;PKP;;'23124015321111001044176713;;*********3320100;-299;PLN;'C561764422576734;TRANSAKCJA KART¥ P£ATNICZ¥;PKP
20.03.2026;20.03.2026;BIEDRONKA;;'23124015321111001044176713;;*********4718795;-70;PLN;'C303000699088267;TRANSAKCJA KART¥ P£ATNICZ¥;Biedronka
20.03.2026;20.03.2026;ROSSMANN;;'23124015321111001044176713;;*********6049905;-389;PLN;'C874457862666041;TRANSAKCJA KART¥ P£ATNICZ¥;Rossmann
20.03.2026;20.03.2026;ALLEGRO SP. Z O.O.;;'23124015321111001044176713;;*********4647602;-178;PLN;'C168291348403039;TRANSAKCJA KART¥ P£ATNICZ¥;Allegro
21.03.2026;21.03.2026;DOZ APTEKA;;'23124015321111001044176713;;*********9635839;-166;PLN;'C111477521964766;TRANSAKCJA KART¥ P£ATNICZ¥;Apteka
21.03.2026;21.03.2026;PODRÓ¯E;;'23124015321111001044176713;;*********9890535;-212;PLN;'C848120082696290;TRANSAKCJA KART¥ P£ATNICZ¥;Podró¿e
21.03.2026;21.03.2026;PREZENTY;;'23124015321111001044176713;;*********2236473;-395;PLN;'C881686382825218;TRANSAKCJA KART¥ P£ATNICZ¥;Prezenty
21.03.2026;21.03.2026;BP POLSKA;;'23124015321111001044176713;;*********6194506;-235;PLN;'C793234841355193;TRANSAKCJA KART¥ P£ATNICZ¥;Paliwo
22.03.2026;22.03.2026;BIEDRONKA;;'23124015321111001044176713;;*********3588217;-71;PLN;'C385400593344930;TRANSAKCJA KART¥ P£ATNICZ¥;Biedronka
26.03.2026;26.03.2026;X-KOM;;'23124015321111001044176713;;*********6905880;-234;PLN;'C251758855908567;TRANSAKCJA KART¥ P£ATNICZ¥;Elektronika
27.03.2026;27.03.2026;BIEDRONKA;;'23124015321111001044176713;;*********3548768;-242;PLN;'C736659130944419;TRANSAKCJA KART¥ P£ATNICZ¥;Biedronka
27.03.2026;27.03.2026;PREZENTY;;'23124015321111001044176713;;*********8910460;-299;PLN;'C488968858103518;TRANSAKCJA KART¥ P£ATNICZ¥;Prezenty
28.03.2026;28.03.2026;DECATHLON;;'23124015321111001044176713;;*********3880182;-247;PLN;'C881180067260234;TRANSAKCJA KART¥ P£ATNICZ¥;Sport
29.03.2026;29.03.2026;BOLT;;'23124015321111001044176713;;*********6996358;-154;PLN;'C988484099966144;TRANSAKCJA KART¥ P£ATNICZ¥;Bolt
29.03.2026;29.03.2026;SI£OWNIA;;'23124015321111001044176713;;*********9223591;-265;PLN;'C619461740421550;TRANSAKCJA KART¥ P£ATNICZ¥;Si³ownia
30.03.2026;30.03.2026;LIDL;;'23124015321111001044176713;;*********7926411;-408;PLN;'C191103784405709;TRANSAKCJA KART¥ P£ATNICZ¥;Lidl
30.03.2026;30.03.2026;PODRÓ¯E;;'23124015321111001044176713;;*********5279237;-61;PLN;'C332159931878787;TRANSAKCJA KART¥ P£ATNICZ¥;Podró¿e
31.03.2026;31.03.2026;PREZENTY;;'23124015321111001044176713;;*********1045793;-139;PLN;'C938986161031612;TRANSAKCJA KART¥ P£ATNICZ¥;Prezenty
10.04.2026;10.04.2026;PRACODAWCA SP. Z O.O.;;;'23124015321111001044176713;Wynagrodzenie;10458;PLN;'C697869922493695;PRZELEW;Wynagrodzenie
20.04.2026;20.04.2026;NAJEMCA JAN KOWALSKI;;;'23124015321111001044176713;Najem;1500;PLN;'C797871898995259;PRZELEW;Najem
02.04.2026;02.04.2026;LIDL;;'23124015321111001044176713;;*********2673884;-358;PLN;'C312012956139755;TRANSAKCJA KART¥ P£ATNICZ¥;Lidl
02.04.2026;02.04.2026;H&M;;'23124015321111001044176713;;*********5493233;-129;PLN;'C581849366070201;TRANSAKCJA KART¥ P£ATNICZ¥;Ubrania
02.04.2026;02.04.2026;¯ABKA;;'23124015321111001044176713;;*********1283655;-276;PLN;'C322209669836545;TRANSAKCJA KART¥ P£ATNICZ¥;¯abka
02.04.2026;02.04.2026;DECATHLON;;'23124015321111001044176713;;*********3710239;-121;PLN;'C237203457953391;TRANSAKCJA KART¥ P£ATNICZ¥;Sport
05.04.2026;05.04.2026;DOZ APTEKA;;'23124015321111001044176713;;*********7120392;-289;PLN;'C255889671743422;TRANSAKCJA KART¥ P£ATNICZ¥;Apteka
05.04.2026;05.04.2026;GAZ;;'23124015321111001044176713;;*********7506009;-180;PLN;'C265189391790702;TRANSAKCJA KART¥ P£ATNICZ¥;Gaz
05.04.2026;05.04.2026;BOLT;;'23124015321111001044176713;;*********2090516;-398;PLN;'C496597103131525;TRANSAKCJA KART¥ P£ATNICZ¥;Bolt
05.04.2026;05.04.2026;UBEZPIECZENIE;;'23124015321111001044176713;;*********4593141;-320;PLN;'C164959710493662;TRANSAKCJA KART¥ P£ATNICZ¥;Ubezpieczenie
06.04.2026;06.04.2026;STARBUCKS;;'23124015321111001044176713;;*********1794498;-205;PLN;'C495983836030359;TRANSAKCJA KART¥ P£ATNICZ¥;Restauracje
08.04.2026;08.04.2026;PODRÓ¯E;;'23124015321111001044176713;;*********3251625;-36;PLN;'C491799431365052;TRANSAKCJA KART¥ P£ATNICZ¥;Podró¿e
08.04.2026;08.04.2026;ZTM WARSZAWA;;'23124015321111001044176713;;*********2199162;-311;PLN;'C270725086494082;TRANSAKCJA KART¥ P£ATNICZ¥;Transport
09.04.2026;09.04.2026;BIEDRONKA OLSZTYN;;'23124015321111001044176713;;*********9843008;-76;PLN;'C192163829769173;TRANSAKCJA KART¥ P£ATNICZ¥;Artyku³y spo¿ywcze
10.04.2026;10.04.2026;KINO;;'23124015321111001044176713;;*********7513288;-363;PLN;'C497275065280887;TRANSAKCJA KART¥ P£ATNICZ¥;Kino
10.04.2026;10.04.2026;PKP;;'23124015321111001044176713;;*********7002612;-405;PLN;'C331890876316669;TRANSAKCJA KART¥ P£ATNICZ¥;PKP
10.04.2026;10.04.2026;PKP INTERCITY;;'23124015321111001044176713;;*********5919755;-136;PLN;'C519875692283263;TRANSAKCJA KART¥ P£ATNICZ¥;Transport
12.04.2026;12.04.2026;SI£OWNIA;;'23124015321111001044176713;;*********1094080;-444;PLN;'C288569511417254;TRANSAKCJA KART¥ P£ATNICZ¥;Si³ownia
12.04.2026;12.04.2026;DOZ APTEKA;;'23124015321111001044176713;;*********8776974;-89;PLN;'C979449851856198;TRANSAKCJA KART¥ P£ATNICZ¥;Apteka
13.04.2026;13.04.2026;AMAZON EU;;'23124015321111001044176713;;*********3583991;-293;PLN;'C247023625176423;TRANSAKCJA KART¥ P£ATNICZ¥;Amazon
16.04.2026;16.04.2026;CZYNSZ;;'23124015321111001044176713;;*********9544794;-48;PLN;'C115964710941665;TRANSAKCJA KART¥ P£ATNICZ¥;Czynsz
16.04.2026;16.04.2026;SI£OWNIA;;'23124015321111001044176713;;*********3238598;-348;PLN;'C992119687846281;TRANSAKCJA KART¥ P£ATNICZ¥;Si³ownia
16.04.2026;16.04.2026;PKP;;'23124015321111001044176713;;*********2321531;-439;PLN;'C870691195786569;TRANSAKCJA KART¥ P£ATNICZ¥;PKP
17.04.2026;17.04.2026;UBER;;'23124015321111001044176713;;*********4142112;-334;PLN;'C413175411584615;TRANSAKCJA KART¥ P£ATNICZ¥;Uber
18.04.2026;18.04.2026;PKP;;'23124015321111001044176713;;*********5906048;-419;PLN;'C369243181195256;TRANSAKCJA KART¥ P£ATNICZ¥;PKP
19.04.2026;19.04.2026;¯ABKA;;'23124015321111001044176713;;*********9926361;-448;PLN;'C255488142724670;TRANSAKCJA KART¥ P£ATNICZ¥;¯abka
20.04.2026;20.04.2026;UBER;;'23124015321111001044176713;;*********6639562;-394;PLN;'C466712229176977;TRANSAKCJA KART¥ P£ATNICZ¥;Uber
20.04.2026;20.04.2026;DECATHLON;;'23124015321111001044176713;;*********3568320;-430;PLN;'C257634647619475;TRANSAKCJA KART¥ P£ATNICZ¥;Sport
20.04.2026;20.04.2026;LIDL;;'23124015321111001044176713;;*********3158859;-303;PLN;'C281592857998243;TRANSAKCJA KART¥ P£ATNICZ¥;Lidl
21.04.2026;21.04.2026;DECATHLON;;'23124015321111001044176713;;*********9858437;-67;PLN;'C911626917880700;TRANSAKCJA KART¥ P£ATNICZ¥;Sport
21.04.2026;21.04.2026;DECATHLON;;'23124015321111001044176713;;*********4616441;-46;PLN;'C115336555468324;TRANSAKCJA KART¥ P£ATNICZ¥;Sport
21.04.2026;21.04.2026;BP POLSKA;;'23124015321111001044176713;;*********5522394;-144;PLN;'C801136069582601;TRANSAKCJA KART¥ P£ATNICZ¥;Paliwo
22.04.2026;22.04.2026;BIEDRONKA;;'23124015321111001044176713;;*********5746494;-73;PLN;'C891575421014985;TRANSAKCJA KART¥ P£ATNICZ¥;Biedronka
22.04.2026;22.04.2026;MEDIA EXPERT;;'23124015321111001044176713;;*********5820513;-378;PLN;'C127712341735953;TRANSAKCJA KART¥ P£ATNICZ¥;Elektronika
23.04.2026;23.04.2026;BP POLSKA;;'23124015321111001044176713;;*********2196676;-367;PLN;'C392377830722283;TRANSAKCJA KART¥ P£ATNICZ¥;Paliwo
24.04.2026;24.04.2026;H&M;;'23124015321111001044176713;;*********5614460;-156;PLN;'C569222480157428;TRANSAKCJA KART¥ P£ATNICZ¥;Ubrania
24.04.2026;24.04.2026;PKP;;'23124015321111001044176713;;*********1160131;-22;PLN;'C313158687883405;TRANSAKCJA KART¥ P£ATNICZ¥;PKP
24.04.2026;24.04.2026;CIRCLE K;;'23124015321111001044176713;;*********8449730;-433;PLN;'C653334092549156;TRANSAKCJA KART¥ P£ATNICZ¥;Paliwo
25.04.2026;25.04.2026;ZTM WARSZAWA;;'23124015321111001044176713;;*********4501847;-166;PLN;'C452659375893248;TRANSAKCJA KART¥ P£ATNICZ¥;Transport
25.04.2026;25.04.2026;¯ABKA;;'23124015321111001044176713;;*********2011511;-327;PLN;'C190314823279104;TRANSAKCJA KART¥ P£ATNICZ¥;¯abka
26.04.2026;26.04.2026;UBER;;'23124015321111001044176713;;*********8870605;-351;PLN;'C239232014545719;TRANSAKCJA KART¥ P£ATNICZ¥;Uber
28.04.2026;28.04.2026;¯ABKA;;'23124015321111001044176713;;*********2672210;-10;PLN;'C153477022317021;TRANSAKCJA KART¥ P£ATNICZ¥;¯abka
28.04.2026;28.04.2026;PKP;;'23124015321111001044176713;;*********5998241;-27;PLN;'C373619514661380;TRANSAKCJA KART¥ P£ATNICZ¥;PKP
30.04.2026;30.04.2026;KINO;;'23124015321111001044176713;;*********2432636;-249;PLN;'C896910051005824;TRANSAKCJA KART¥ P£ATNICZ¥;Kino
30.04.2026;30.04.2026;MEDIA EXPERT;;'23124015321111001044176713;;*********8508225;-356;PLN;'C357302157787180;TRANSAKCJA KART¥ P£ATNICZ¥;Elektronika
10.05.2026;10.05.2026;PRACODAWCA SP. Z O.O.;;;'23124015321111001044176713;Wynagrodzenie;9914;PLN;'C633746170451485;PRZELEW;Wynagrodzenie
20.05.2026;20.05.2026;NAJEMCA JAN KOWALSKI;;;'23124015321111001044176713;Najem;1500;PLN;'C336073641215179;PRZELEW;Najem
01.05.2026;01.05.2026;PREZENTY;;'23124015321111001044176713;;*********5515515;-275;PLN;'C987514059460037;TRANSAKCJA KART¥ P£ATNICZ¥;Prezenty
01.05.2026;01.05.2026;SI£OWNIA;;'23124015321111001044176713;;*********6119070;-64;PLN;'C226228705079436;TRANSAKCJA KART¥ P£ATNICZ¥;Si³ownia
01.05.2026;01.05.2026;PKP;;'23124015321111001044176713;;*********2591267;-132;PLN;'C277958295681623;TRANSAKCJA KART¥ P£ATNICZ¥;PKP
01.05.2026;01.05.2026;DOZ APTEKA;;'23124015321111001044176713;;*********6270202;-193;PLN;'C385956652290885;TRANSAKCJA KART¥ P£ATNICZ¥;Apteka
02.05.2026;02.05.2026;PODRÓ¯E;;'23124015321111001044176713;;*********3295613;-98;PLN;'C178408148824671;TRANSAKCJA KART¥ P£ATNICZ¥;Podró¿e
02.05.2026;02.05.2026;CIRCLE K;;'23124015321111001044176713;;*********8011034;-269;PLN;'C634717360840095;TRANSAKCJA KART¥ P£ATNICZ¥;Paliwo
02.05.2026;02.05.2026;TELEFON;;'23124015321111001044176713;;*********2012989;-75;PLN;'C498345889492222;TRANSAKCJA KART¥ P£ATNICZ¥;Telefon
03.05.2026;03.05.2026;AMAZON EU;;'23124015321111001044176713;;*********4680192;-31;PLN;'C529632788406609;TRANSAKCJA KART¥ P£ATNICZ¥;Amazon
03.05.2026;03.05.2026;JAKDOJADE;;'23124015321111001044176713;;*********7094649;-149;PLN;'C401975951615889;TRANSAKCJA KART¥ P£ATNICZ¥;Transport
03.05.2026;03.05.2026;KINO;;'23124015321111001044176713;;*********7341189;-290;PLN;'C125228270894675;TRANSAKCJA KART¥ P£ATNICZ¥;Kino
04.05.2026;04.05.2026;PODRÓ¯E;;'23124015321111001044176713;;*********7641800;-378;PLN;'C176828793721334;TRANSAKCJA KART¥ P£ATNICZ¥;Podró¿e
05.05.2026;05.05.2026;PODRÓ¯E;;'23124015321111001044176713;;*********3659290;-228;PLN;'C675315726443014;TRANSAKCJA KART¥ P£ATNICZ¥;Podró¿e
05.05.2026;05.05.2026;BP POLSKA;;'23124015321111001044176713;;*********1966191;-51;PLN;'C602443243838075;TRANSAKCJA KART¥ P£ATNICZ¥;Paliwo
07.05.2026;07.05.2026;PODRÓ¯E;;'23124015321111001044176713;;*********2645582;-445;PLN;'C122927054165731;TRANSAKCJA KART¥ P£ATNICZ¥;Podró¿e
07.05.2026;07.05.2026;ROSSMANN;;'23124015321111001044176713;;*********2192288;-104;PLN;'C787670394554991;TRANSAKCJA KART¥ P£ATNICZ¥;Rossmann
08.05.2026;08.05.2026;ALLEGRO SP. Z O.O.;;'23124015321111001044176713;;*********9845038;-289;PLN;'C415612765684696;TRANSAKCJA KART¥ P£ATNICZ¥;Allegro
09.05.2026;09.05.2026;BIEDRONKA;;'23124015321111001044176713;;*********8878740;-234;PLN;'C131297463057694;TRANSAKCJA KART¥ P£ATNICZ¥;Biedronka
10.05.2026;10.05.2026;PODRÓ¯E;;'23124015321111001044176713;;*********4562409;-352;PLN;'C398260526102208;TRANSAKCJA KART¥ P£ATNICZ¥;Podró¿e
11.05.2026;11.05.2026;MEDIA EXPERT;;'23124015321111001044176713;;*********1384539;-411;PLN;'C706057196919066;TRANSAKCJA KART¥ P£ATNICZ¥;Elektronika
12.05.2026;12.05.2026;PKP;;'23124015321111001044176713;;*********1584888;-163;PLN;'C733178356471856;TRANSAKCJA KART¥ P£ATNICZ¥;PKP
12.05.2026;12.05.2026;PREZENTY;;'23124015321111001044176713;;*********8014685;-260;PLN;'C975788014297681;TRANSAKCJA KART¥ P£ATNICZ¥;Prezenty
12.05.2026;12.05.2026;BOLT;;'23124015321111001044176713;;*********8324152;-24;PLN;'C833900191824109;TRANSAKCJA KART¥ P£ATNICZ¥;Bolt
13.05.2026;13.05.2026;ROSSMANN;;'23124015321111001044176713;;*********4336412;-18;PLN;'C745939029512219;TRANSAKCJA KART¥ P£ATNICZ¥;Rossmann
14.05.2026;14.05.2026;UBER;;'23124015321111001044176713;;*********8003382;-433;PLN;'C197672357951597;TRANSAKCJA KART¥ P£ATNICZ¥;Uber
14.05.2026;14.05.2026;LIDL;;'23124015321111001044176713;;*********8823975;-250;PLN;'C401363675774098;TRANSAKCJA KART¥ P£ATNICZ¥;Lidl
14.05.2026;14.05.2026;BIEDRONKA;;'23124015321111001044176713;;*********2380338;-72;PLN;'C693789475825071;TRANSAKCJA KART¥ P£ATNICZ¥;Biedronka
14.05.2026;14.05.2026;BIEDRONKA OLSZTYN;;'23124015321111001044176713;;*********5955211;-237;PLN;'C258696956568162;TRANSAKCJA KART¥ P£ATNICZ¥;Artyku³y spo¿ywcze
15.05.2026;15.05.2026;DOZ APTEKA;;'23124015321111001044176713;;*********2628798;-298;PLN;'C197055650521265;TRANSAKCJA KART¥ P£ATNICZ¥;Apteka
15.05.2026;15.05.2026;ROSSMANN;;'23124015321111001044176713;;*********4756968;-234;PLN;'C139501022686239;TRANSAKCJA KART¥ P£ATNICZ¥;Rossmann
16.05.2026;16.05.2026;ALLEGRO SP. Z O.O.;;'23124015321111001044176713;;*********2337108;-170;PLN;'C883812876941130;TRANSAKCJA KART¥ P£ATNICZ¥;Allegro
16.05.2026;16.05.2026;ROSSMANN;;'23124015321111001044176713;;*********5998843;-386;PLN;'C474487859894955;TRANSAKCJA KART¥ P£ATNICZ¥;Rossmann
16.05.2026;16.05.2026;STARBUCKS;;'23124015321111001044176713;;*********9305227;-151;PLN;'C402915497968117;TRANSAKCJA KART¥ P£ATNICZ¥;Restauracje
16.05.2026;16.05.2026;PREZENTY;;'23124015321111001044176713;;*********7413506;-47;PLN;'C939837767153846;TRANSAKCJA KART¥ P£ATNICZ¥;Prezenty
17.05.2026;17.05.2026;¯ABKA;;'23124015321111001044176713;;*********7343382;-371;PLN;'C362721933295515;TRANSAKCJA KART¥ P£ATNICZ¥;¯abka
17.05.2026;17.05.2026;BIEDRONKA;;'23124015321111001044176713;;*********3278335;-426;PLN;'C647480349727952;TRANSAKCJA KART¥ P£ATNICZ¥;Biedronka
18.05.2026;18.05.2026;AUCHAN POLSKA SP. Z O.O.;;'23124015321111001044176713;;*********2459241;-415;PLN;'C517025513719397;TRANSAKCJA KART¥ P£ATNICZ¥;Artyku³y spo¿ywcze
18.05.2026;18.05.2026;CIRCLE K;;'23124015321111001044176713;;*********8866122;-408;PLN;'C615496038398948;TRANSAKCJA KART¥ P£ATNICZ¥;Paliwo
18.05.2026;18.05.2026;ORLEN;;'23124015321111001044176713;;*********2501696;-161;PLN;'C722478658146323;TRANSAKCJA KART¥ P£ATNICZ¥;Paliwo
19.05.2026;19.05.2026;PREZENTY;;'23124015321111001044176713;;*********5977951;-72;PLN;'C456733995588399;TRANSAKCJA KART¥ P£ATNICZ¥;Prezenty
20.05.2026;20.05.2026;CZYNSZ;;'23124015321111001044176713;;*********7620223;-78;PLN;'C945531980949918;TRANSAKCJA KART¥ P£ATNICZ¥;Czynsz
20.05.2026;20.05.2026;SI£OWNIA;;'23124015321111001044176713;;*********7223920;-175;PLN;'C885823706216226;TRANSAKCJA KART¥ P£ATNICZ¥;Si³ownia
20.05.2026;20.05.2026;KINO;;'23124015321111001044176713;;*********5791790;-252;PLN;'C386241099687289;TRANSAKCJA KART¥ P£ATNICZ¥;Kino
20.05.2026;20.05.2026;BOLT;;'23124015321111001044176713;;*********9351198;-64;PLN;'C145451017130657;TRANSAKCJA KART¥ P£ATNICZ¥;Bolt
21.05.2026;21.05.2026;PODRÓ¯E;;'23124015321111001044176713;;*********3219054;-184;PLN;'C759577988611269;TRANSAKCJA KART¥ P£ATNICZ¥;Podró¿e
21.05.2026;21.05.2026;ALLEGRO SP. Z O.O.;;'23124015321111001044176713;;*********7339684;-167;PLN;'C799843516005400;TRANSAKCJA KART¥ P£ATNICZ¥;Allegro
23.05.2026;23.05.2026;¯ABKA POLSKA;;'23124015321111001044176713;;*********4838455;-320;PLN;'C651404145973043;TRANSAKCJA KART¥ P£ATNICZ¥;Artyku³y spo¿ywcze
23.05.2026;23.05.2026;DOZ APTEKA;;'23124015321111001044176713;;*********1512682;-161;PLN;'C929278537528295;TRANSAKCJA KART¥ P£ATNICZ¥;Apteka
24.05.2026;24.05.2026;ALLEGRO SP. Z O.O.;;'23124015321111001044176713;;*********5442006;-322;PLN;'C374121419342281;TRANSAKCJA KART¥ P£ATNICZ¥;Allegro
24.05.2026;24.05.2026;LIDL;;'23124015321111001044176713;;*********6225064;-342;PLN;'C160365479552675;TRANSAKCJA KART¥ P£ATNICZ¥;Lidl
24.05.2026;24.05.2026;DECATHLON;;'23124015321111001044176713;;*********1797780;-32;PLN;'C960161433840971;TRANSAKCJA KART¥ P£ATNICZ¥;Sport
26.05.2026;26.05.2026;SI£OWNIA;;'23124015321111001044176713;;*********9384394;-413;PLN;'C858190962881088;TRANSAKCJA KART¥ P£ATNICZ¥;Si³ownia
26.05.2026;26.05.2026;LIDL;;'23124015321111001044176713;;*********1278863;-212;PLN;'C515707375359610;TRANSAKCJA KART¥ P£ATNICZ¥;Lidl
27.05.2026;27.05.2026;ROSSMANN;;'23124015321111001044176713;;*********6991637;-434;PLN;'C437963516711688;TRANSAKCJA KART¥ P£ATNICZ¥;Rossmann
28.05.2026;28.05.2026;DECATHLON;;'23124015321111001044176713;;*********8705341;-137;PLN;'C564518377910854;TRANSAKCJA KART¥ P£ATNICZ¥;Sport
28.05.2026;28.05.2026;DECATHLON;;'23124015321111001044176713;;*********3889186;-128;PLN;'C372943720812844;TRANSAKCJA KART¥ P£ATNICZ¥;Sport
29.05.2026;29.05.2026;CZYNSZ;;'23124015321111001044176713;;*********8532647;-39;PLN;'C356041660956772;TRANSAKCJA KART¥ P£ATNICZ¥;Czynsz
29.05.2026;29.05.2026;ALLEGRO SP. Z O.O.;;'23124015321111001044176713;;*********9745215;-148;PLN;'C517805472955529;TRANSAKCJA KART¥ P£ATNICZ¥;Allegro
30.05.2026;30.05.2026;PREZENTY;;'23124015321111001044176713;;*********3173565;-447;PLN;'C932749566989338;TRANSAKCJA KART¥ P£ATNICZ¥;Prezenty
31.05.2026;31.05.2026;ZTM WARSZAWA;;'23124015321111001044176713;;*********5654123;-258;PLN;'C984983543042356;TRANSAKCJA KART¥ P£ATNICZ¥;Transport
31.05.2026;31.05.2026;ROSSMANN;;'23124015321111001044176713;;*********8484905;-68;PLN;'C994783687500360;TRANSAKCJA KART¥ P£ATNICZ¥;Rossmann
31.05.2026;31.05.2026;H&M;;'23124015321111001044176713;;*********4321733;-278;PLN;'C479965138970048;TRANSAKCJA KART¥ P£ATNICZ¥;Ubrania
10.06.2026;10.06.2026;PRACODAWCA SP. Z O.O.;;;'23124015321111001044176713;Wynagrodzenie;9407;PLN;'C430534255767766;PRZELEW;Wynagrodzenie
20.06.2026;20.06.2026;NAJEMCA JAN KOWALSKI;;;'23124015321111001044176713;Najem;1500;PLN;'C805190308038829;PRZELEW;Najem
01.06.2026;01.06.2026;MCDONALDS;;'23124015321111001044176713;;*********2701232;-88;PLN;'C970691397746431;TRANSAKCJA KART¥ P£ATNICZ¥;Restauracje
01.06.2026;01.06.2026;NETFLIX;;'23124015321111001044176713;;*********7431433;-67;PLN;'C223158985515105;TRANSAKCJA KART¥ P£ATNICZ¥;Netflix
01.06.2026;01.06.2026;DOZ APTEKA;;'23124015321111001044176713;;*********5479043;-181;PLN;'C439689105625546;TRANSAKCJA KART¥ P£ATNICZ¥;Apteka
02.06.2026;02.06.2026;CZYNSZ;;'23124015321111001044176713;;*********2827749;-101;PLN;'C735500638056646;TRANSAKCJA KART¥ P£ATNICZ¥;Czynsz
02.06.2026;02.06.2026;NETFLIX;;'23124015321111001044176713;;*********4627530;-67;PLN;'C660127077611220;TRANSAKCJA KART¥ P£ATNICZ¥;Netflix
02.06.2026;02.06.2026;INTERNET;;'23124015321111001044176713;;*********3615490;-90;PLN;'C711249375330353;TRANSAKCJA KART¥ P£ATNICZ¥;Internet
02.06.2026;02.06.2026;PODATKI;;'23124015321111001044176713;;*********3975922;-450;PLN;'C664892860326436;TRANSAKCJA KART¥ P£ATNICZ¥;Podatki
03.06.2026;03.06.2026;RESERVED;;'23124015321111001044176713;;*********5262282;-412;PLN;'C550690870612861;TRANSAKCJA KART¥ P£ATNICZ¥;Ubrania
04.06.2026;04.06.2026;KINO;;'23124015321111001044176713;;*********6283366;-285;PLN;'C684690138041731;TRANSAKCJA KART¥ P£ATNICZ¥;Kino
04.06.2026;04.06.2026;PODRÓ¯E;;'23124015321111001044176713;;*********4833649;-96;PLN;'C281206657608220;TRANSAKCJA KART¥ P£ATNICZ¥;Podró¿e
04.06.2026;04.06.2026;ALLEGRO SP. Z O.O.;;'23124015321111001044176713;;*********1145345;-412;PLN;'C672783190002238;TRANSAKCJA KART¥ P£ATNICZ¥;Allegro
05.06.2026;05.06.2026;KINO;;'23124015321111001044176713;;*********5720915;-433;PLN;'C495034990184256;TRANSAKCJA KART¥ P£ATNICZ¥;Kino
05.06.2026;05.06.2026;MCDONALDS;;'23124015321111001044176713;;*********2078623;-442;PLN;'C327941734016118;TRANSAKCJA KART¥ P£ATNICZ¥;Restauracje
05.06.2026;05.06.2026;BP POLSKA;;'23124015321111001044176713;;*********7733445;-448;PLN;'C571817282696673;TRANSAKCJA KART¥ P£ATNICZ¥;Paliwo
05.06.2026;05.06.2026;PR¥D;;'23124015321111001044176713;;*********1353448;-220;PLN;'C289417717877841;TRANSAKCJA KART¥ P£ATNICZ¥;Pr¹d
06.06.2026;06.06.2026;SI£OWNIA;;'23124015321111001044176713;;*********5612955;-415;PLN;'C911149713991410;TRANSAKCJA KART¥ P£ATNICZ¥;Si³ownia
07.06.2026;07.06.2026;AMAZON EU;;'23124015321111001044176713;;*********1011187;-101;PLN;'C795490418065270;TRANSAKCJA KART¥ P£ATNICZ¥;Amazon
07.06.2026;07.06.2026;PIZZA HUT;;'23124015321111001044176713;;*********5795574;-200;PLN;'C435572208988119;TRANSAKCJA KART¥ P£ATNICZ¥;Restauracje
09.06.2026;09.06.2026;DOZ APTEKA;;'23124015321111001044176713;;*********5126077;-287;PLN;'C763384257809980;TRANSAKCJA KART¥ P£ATNICZ¥;Apteka
09.06.2026;09.06.2026;BOLT;;'23124015321111001044176713;;*********4251664;-337;PLN;'C931848197721062;TRANSAKCJA KART¥ P£ATNICZ¥;Bolt
10.06.2026;10.06.2026;ZTM WARSZAWA;;'23124015321111001044176713;;*********9303620;-99;PLN;'C524538394988831;TRANSAKCJA KART¥ P£ATNICZ¥;Transport
10.06.2026;10.06.2026;ORLEN;;'23124015321111001044176713;;*********7603327;-392;PLN;'C304916501959192;TRANSAKCJA KART¥ P£ATNICZ¥;Paliwo
10.06.2026;10.06.2026;ROSSMANN;;'23124015321111001044176713;;*********9559687;-278;PLN;'C645725461944427;TRANSAKCJA KART¥ P£ATNICZ¥;Rossmann
12.06.2026;12.06.2026;CZYNSZ;;'23124015321111001044176713;;*********2389585;-102;PLN;'C617208746236019;TRANSAKCJA KART¥ P£ATNICZ¥;Czynsz
12.06.2026;12.06.2026;BOLT;;'23124015321111001044176713;;*********4930315;-61;PLN;'C877517734630275;TRANSAKCJA KART¥ P£ATNICZ¥;Bolt
12.06.2026;12.06.2026;AMAZON EU;;'23124015321111001044176713;;*********8717847;-389;PLN;'C632417174075448;TRANSAKCJA KART¥ P£ATNICZ¥;Amazon
13.06.2026;13.06.2026;CZYNSZ;;'23124015321111001044176713;;*********9972395;-116;PLN;'C980423816282498;TRANSAKCJA KART¥ P£ATNICZ¥;Czynsz
13.06.2026;13.06.2026;LIDL;;'23124015321111001044176713;;*********7910645;-404;PLN;'C887694883211963;TRANSAKCJA KART¥ P£ATNICZ¥;Lidl
15.06.2026;15.06.2026;MEDIA EXPERT;;'23124015321111001044176713;;*********2083831;-74;PLN;'C213022579230464;TRANSAKCJA KART¥ P£ATNICZ¥;Elektronika
15.06.2026;15.06.2026;BOLT;;'23124015321111001044176713;;*********9002114;-69;PLN;'C432797186128413;TRANSAKCJA KART¥ P£ATNICZ¥;Bolt
16.06.2026;16.06.2026;PKP INTERCITY;;'23124015321111001044176713;;*********7188784;-227;PLN;'C158285584304943;TRANSAKCJA KART¥ P£ATNICZ¥;Transport
16.06.2026;16.06.2026;JAKDOJADE;;'23124015321111001044176713;;*********2960822;-426;PLN;'C892810402502091;TRANSAKCJA KART¥ P£ATNICZ¥;Transport
16.06.2026;16.06.2026;X-KOM;;'23124015321111001044176713;;*********4746688;-271;PLN;'C963655716524866;TRANSAKCJA KART¥ P£ATNICZ¥;Elektronika
17.06.2026;17.06.2026;¯ABKA POLSKA;;'23124015321111001044176713;;*********6812391;-60;PLN;'C453491926478697;TRANSAKCJA KART¥ P£ATNICZ¥;Artyku³y spo¿ywcze
18.06.2026;18.06.2026;SI£OWNIA;;'23124015321111001044176713;;*********6014296;-96;PLN;'C708693841106803;TRANSAKCJA KART¥ P£ATNICZ¥;Si³ownia
19.06.2026;19.06.2026;PODRÓ¯E;;'23124015321111001044176713;;*********8464717;-39;PLN;'C160199064069608;TRANSAKCJA KART¥ P£ATNICZ¥;Podró¿e
21.06.2026;21.06.2026;UBER;;'23124015321111001044176713;;*********8253823;-163;PLN;'C780223220255792;TRANSAKCJA KART¥ P£ATNICZ¥;Uber
22.06.2026;22.06.2026;BOLT;;'23124015321111001044176713;;*********3552523;-207;PLN;'C821093283438282;TRANSAKCJA KART¥ P£ATNICZ¥;Bolt
23.06.2026;23.06.2026;ROSSMANN;;'23124015321111001044176713;;*********1876093;-184;PLN;'C264702490260068;TRANSAKCJA KART¥ P£ATNICZ¥;Rossmann
24.06.2026;24.06.2026;AMAZON EU;;'23124015321111001044176713;;*********6747949;-413;PLN;'C953259542175099;TRANSAKCJA KART¥ P£ATNICZ¥;Amazon
25.06.2026;25.06.2026;PODRÓ¯E;;'23124015321111001044176713;;*********2172422;-30;PLN;'C276706270373603;TRANSAKCJA KART¥ P£ATNICZ¥;Podró¿e
27.06.2026;27.06.2026;BIEDRONKA;;'23124015321111001044176713;;*********2574249;-271;PLN;'C409231041966726;TRANSAKCJA KART¥ P£ATNICZ¥;Biedronka
27.06.2026;27.06.2026;LIDL;;'23124015321111001044176713;;*********9790080;-233;PLN;'C261999993476565;TRANSAKCJA KART¥ P£ATNICZ¥;Lidl
27.06.2026;27.06.2026;BOLT;;'23124015321111001044176713;;*********3112508;-9;PLN;'C477354760143726;TRANSAKCJA KART¥ P£ATNICZ¥;Bolt
28.06.2026;28.06.2026;UBER;;'23124015321111001044176713;;*********5235683;-278;PLN;'C730137191435829;TRANSAKCJA KART¥ P£ATNICZ¥;Uber
28.06.2026;28.06.2026;ROSSMANN;;'23124015321111001044176713;;*********1286767;-59;PLN;'C609247177150509;TRANSAKCJA KART¥ P£ATNICZ¥;Rossmann
29.06.2026;29.06.2026;MCDONALDS;;'23124015321111001044176713;;*********6939372;-359;PLN;'C390211308509809;TRANSAKCJA KART¥ P£ATNICZ¥;Restauracje
29.06.2026;29.06.2026;CZYNSZ;;'23124015321111001044176713;;*********1068725;-42;PLN;'C805922221426736;TRANSAKCJA KART¥ P£ATNICZ¥;Czynsz
10.07.2026;10.07.2026;PRACODAWCA SP. Z O.O.;;;'23124015321111001044176713;Wynagrodzenie;10337;PLN;'C572981104672779;PRZELEW;Wynagrodzenie
20.07.2026;20.07.2026;NAJEMCA JAN KOWALSKI;;;'23124015321111001044176713;Najem;1500;PLN;'C997759465277785;PRZELEW;Najem
28.07.2026;28.07.2026;PREMIA;;;'23124015321111001044176713;Premia;2500;PLN;'C251421439023530;PRZELEW;Premia
01.07.2026;01.07.2026;¯ABKA;;'23124015321111001044176713;;*********4182277;-383;PLN;'C939437628097447;TRANSAKCJA KART¥ P£ATNICZ¥;¯abka
01.07.2026;01.07.2026;ROSSMANN;;'23124015321111001044176713;;*********3270919;-428;PLN;'C895833183208500;TRANSAKCJA KART¥ P£ATNICZ¥;Rossmann
01.07.2026;01.07.2026;UBEZPIECZENIE;;'23124015321111001044176713;;*********7799346;-320;PLN;'C520648090284193;TRANSAKCJA KART¥ P£ATNICZ¥;Ubezpieczenie
01.07.2026;01.07.2026;AMAZON EU;;'23124015321111001044176713;;*********8724113;-386;PLN;'C533179168956306;TRANSAKCJA KART¥ P£ATNICZ¥;Amazon
02.07.2026;02.07.2026;TELEFON;;'23124015321111001044176713;;*********6855297;-75;PLN;'C369653692515891;TRANSAKCJA KART¥ P£ATNICZ¥;Telefon
02.07.2026;02.07.2026;UBER;;'23124015321111001044176713;;*********4764569;-289;PLN;'C834324425824131;TRANSAKCJA KART¥ P£ATNICZ¥;Uber
02.07.2026;02.07.2026;¯ABKA;;'23124015321111001044176713;;*********1296594;-312;PLN;'C461525794716558;TRANSAKCJA KART¥ P£ATNICZ¥;¯abka
02.07.2026;02.07.2026;CZYNSZ;;'23124015321111001044176713;;*********5752030;-43;PLN;'C497062851177532;TRANSAKCJA KART¥ P£ATNICZ¥;Czynsz
03.07.2026;03.07.2026;GAZ;;'23124015321111001044176713;;*********3216424;-180;PLN;'C465346756848979;TRANSAKCJA KART¥ P£ATNICZ¥;Gaz
04.07.2026;04.07.2026;NETFLIX;;'23124015321111001044176713;;*********8474565;-67;PLN;'C578692158064873;TRANSAKCJA KART¥ P£ATNICZ¥;Netflix
05.07.2026;05.07.2026;PREZENTY;;'23124015321111001044176713;;*********4967573;-61;PLN;'C795776881475562;TRANSAKCJA KART¥ P£ATNICZ¥;Prezenty
05.07.2026;05.07.2026;PODRÓ¯E;;'23124015321111001044176713;;*********9232592;-108;PLN;'C673088651904087;TRANSAKCJA KART¥ P£ATNICZ¥;Podró¿e
05.07.2026;05.07.2026;BOLT;;'23124015321111001044176713;;*********5357592;-410;PLN;'C190092944135755;TRANSAKCJA KART¥ P£ATNICZ¥;Bolt
05.07.2026;05.07.2026;MEDIA EXPERT;;'23124015321111001044176713;;*********3232901;-23;PLN;'C383705830492446;TRANSAKCJA KART¥ P£ATNICZ¥;Elektronika
06.07.2026;06.07.2026;DECATHLON;;'23124015321111001044176713;;*********8815901;-215;PLN;'C282142291672376;TRANSAKCJA KART¥ P£ATNICZ¥;Sport
07.07.2026;07.07.2026;AMAZON EU;;'23124015321111001044176713;;*********1655919;-391;PLN;'C855350551931530;TRANSAKCJA KART¥ P£ATNICZ¥;Amazon
07.07.2026;07.07.2026;ROSSMANN;;'23124015321111001044176713;;*********4845632;-181;PLN;'C612823528537128;TRANSAKCJA KART¥ P£ATNICZ¥;Rossmann
07.07.2026;07.07.2026;ALLEGRO SP. Z O.O.;;'23124015321111001044176713;;*********7110064;-142;PLN;'C383051821912934;TRANSAKCJA KART¥ P£ATNICZ¥;Allegro
08.07.2026;08.07.2026;UBER;;'23124015321111001044176713;;*********2600785;-368;PLN;'C332878180778625;TRANSAKCJA KART¥ P£ATNICZ¥;Uber
12.07.2026;12.07.2026;PKP;;'23124015321111001044176713;;*********1150913;-176;PLN;'C554786800384110;TRANSAKCJA KART¥ P£ATNICZ¥;PKP
13.07.2026;13.07.2026;DECATHLON;;'23124015321111001044176713;;*********9428345;-11;PLN;'C359847141339405;TRANSAKCJA KART¥ P£ATNICZ¥;Sport
13.07.2026;13.07.2026;DOZ APTEKA;;'23124015321111001044176713;;*********3372465;-392;PLN;'C918270964402055;TRANSAKCJA KART¥ P£ATNICZ¥;Apteka
13.07.2026;13.07.2026;SI£OWNIA;;'23124015321111001044176713;;*********1962132;-43;PLN;'C457940356259531;TRANSAKCJA KART¥ P£ATNICZ¥;Si³ownia
14.07.2026;14.07.2026;CZYNSZ;;'23124015321111001044176713;;*********4203224;-50;PLN;'C441440462585815;TRANSAKCJA KART¥ P£ATNICZ¥;Czynsz
14.07.2026;14.07.2026;PODRÓ¯E;;'23124015321111001044176713;;*********9538240;-270;PLN;'C193382714688992;TRANSAKCJA KART¥ P£ATNICZ¥;Podró¿e
16.07.2026;16.07.2026;AMAZON EU;;'23124015321111001044176713;;*********3821034;-232;PLN;'C205661911842679;TRANSAKCJA KART¥ P£ATNICZ¥;Amazon
18.07.2026;18.07.2026;SI£OWNIA;;'23124015321111001044176713;;*********7802120;-253;PLN;'C194012506892572;TRANSAKCJA KART¥ P£ATNICZ¥;Si³ownia
18.07.2026;18.07.2026;H&M;;'23124015321111001044176713;;*********4442480;-73;PLN;'C778110331867160;TRANSAKCJA KART¥ P£ATNICZ¥;Ubrania
19.07.2026;19.07.2026;AMAZON EU;;'23124015321111001044176713;;*********1121068;-342;PLN;'C122759847637467;TRANSAKCJA KART¥ P£ATNICZ¥;Amazon
19.07.2026;19.07.2026;KINO;;'23124015321111001044176713;;*********8542200;-246;PLN;'C850888993826826;TRANSAKCJA KART¥ P£ATNICZ¥;Kino
20.07.2026;20.07.2026;LIDL;;'23124015321111001044176713;;*********8481722;-114;PLN;'C377407786200645;TRANSAKCJA KART¥ P£ATNICZ¥;Lidl
20.07.2026;20.07.2026;ROSSMANN;;'23124015321111001044176713;;*********1995247;-208;PLN;'C348591547059893;TRANSAKCJA KART¥ P£ATNICZ¥;Rossmann
20.07.2026;20.07.2026;¯ABKA;;'23124015321111001044176713;;*********2789623;-144;PLN;'C889459516458020;TRANSAKCJA KART¥ P£ATNICZ¥;¯abka
21.07.2026;21.07.2026;SI£OWNIA;;'23124015321111001044176713;;*********6414040;-199;PLN;'C454781337103924;TRANSAKCJA KART¥ P£ATNICZ¥;Si³ownia
21.07.2026;21.07.2026;CZYNSZ;;'23124015321111001044176713;;*********5970293;-59;PLN;'C315217908196467;TRANSAKCJA KART¥ P£ATNICZ¥;Czynsz
22.07.2026;22.07.2026;PODRÓ¯E;;'23124015321111001044176713;;*********8032128;-359;PLN;'C768759809255439;TRANSAKCJA KART¥ P£ATNICZ¥;Podró¿e
22.07.2026;22.07.2026;X-KOM;;'23124015321111001044176713;;*********1903131;-332;PLN;'C545578923485602;TRANSAKCJA KART¥ P£ATNICZ¥;Elektronika
24.07.2026;24.07.2026;AMAZON EU;;'23124015321111001044176713;;*********9671087;-297;PLN;'C140094355238121;TRANSAKCJA KART¥ P£ATNICZ¥;Amazon
24.07.2026;24.07.2026;PODRÓ¯E;;'23124015321111001044176713;;*********7581828;-104;PLN;'C505757298637511;TRANSAKCJA KART¥ P£ATNICZ¥;Podró¿e
25.07.2026;25.07.2026;LIDL;;'23124015321111001044176713;;*********1115516;-447;PLN;'C231577298101272;TRANSAKCJA KART¥ P£ATNICZ¥;Lidl
25.07.2026;25.07.2026;ALLEGRO SP. Z O.O.;;'23124015321111001044176713;;*********4579848;-221;PLN;'C673735903522749;TRANSAKCJA KART¥ P£ATNICZ¥;Allegro
25.07.2026;25.07.2026;DOZ APTEKA;;'23124015321111001044176713;;*********6110625;-231;PLN;'C413223689060347;TRANSAKCJA KART¥ P£ATNICZ¥;Apteka
26.07.2026;26.07.2026;ROSSMANN;;'23124015321111001044176713;;*********4288768;-186;PLN;'C184702957876440;TRANSAKCJA KART¥ P£ATNICZ¥;Rossmann
27.07.2026;27.07.2026;BIEDRONKA OLSZTYN;;'23124015321111001044176713;;*********7482619;-307;PLN;'C634354959155105;TRANSAKCJA KART¥ P£ATNICZ¥;Artyku³y spo¿ywcze
28.07.2026;28.07.2026;PREZENTY;;'23124015321111001044176713;;*********8290682;-127;PLN;'C945611415835355;TRANSAKCJA KART¥ P£ATNICZ¥;Prezenty
28.07.2026;28.07.2026;LIDL;;'23124015321111001044176713;;*********7627848;-219;PLN;'C714389684411507;TRANSAKCJA KART¥ P£ATNICZ¥;Lidl
29.07.2026;29.07.2026;PODRÓ¯E;;'23124015321111001044176713;;*********2987019;-259;PLN;'C987386529369095;TRANSAKCJA KART¥ P£ATNICZ¥;Podró¿e
29.07.2026;29.07.2026;KINO;;'23124015321111001044176713;;*********4910959;-304;PLN;'C819569546851770;TRANSAKCJA KART¥ P£ATNICZ¥;Kino
29.07.2026;29.07.2026;UBER;;'23124015321111001044176713;;*********8473311;-185;PLN;'C629362001991264;TRANSAKCJA KART¥ P£ATNICZ¥;Uber
31.07.2026;31.07.2026;KINO;;'23124015321111001044176713;;*********6764120;-236;PLN;'C786635328604127;TRANSAKCJA KART¥ P£ATNICZ¥;Kino
31.07.2026;31.07.2026;¯ABKA;;'23124015321111001044176713;;*********1863711;-19;PLN;'C343289105432297;TRANSAKCJA KART¥ P£ATNICZ¥;¯abka
10.08.2026;10.08.2026;PRACODAWCA SP. Z O.O.;;;'23124015321111001044176713;Wynagrodzenie;9822;PLN;'C977541438897434;PRZELEW;Wynagrodzenie
20.08.2026;20.08.2026;NAJEMCA JAN KOWALSKI;;;'23124015321111001044176713;Najem;1500;PLN;'C870307638584131;PRZELEW;Najem
28.08.2026;28.08.2026;PREMIA;;;'23124015321111001044176713;Premia;2500;PLN;'C211805087412622;PRZELEW;Premia
01.08.2026;01.08.2026;PKP;;'23124015321111001044176713;;*********4123744;-184;PLN;'C938542900667491;TRANSAKCJA KART¥ P£ATNICZ¥;PKP
01.08.2026;01.08.2026;RESERVED;;'23124015321111001044176713;;*********8113405;-425;PLN;'C341646229012097;TRANSAKCJA KART¥ P£ATNICZ¥;Ubrania
01.08.2026;01.08.2026;BIEDRONKA;;'23124015321111001044176713;;*********8713712;-290;PLN;'C475893878591582;TRANSAKCJA KART¥ P£ATNICZ¥;Biedronka
03.08.2026;03.08.2026;LIDL;;'23124015321111001044176713;;*********7225222;-126;PLN;'C377272434581953;TRANSAKCJA KART¥ P£ATNICZ¥;Lidl
04.08.2026;04.08.2026;SPOTIFY;;'23124015321111001044176713;;*********6262381;-25;PLN;'C265142796374152;TRANSAKCJA KART¥ P£ATNICZ¥;Spotify
04.08.2026;04.08.2026;AMAZON EU;;'23124015321111001044176713;;*********8816839;-336;PLN;'C710298370394011;TRANSAKCJA KART¥ P£ATNICZ¥;Amazon
04.08.2026;04.08.2026;NETFLIX;;'23124015321111001044176713;;*********9544009;-67;PLN;'C173043172318028;TRANSAKCJA KART¥ P£ATNICZ¥;Netflix
05.08.2026;05.08.2026;KINO;;'23124015321111001044176713;;*********1043943;-285;PLN;'C823271406273279;TRANSAKCJA KART¥ P£ATNICZ¥;Kino
05.08.2026;05.08.2026;LIDL POLSKA;;'23124015321111001044176713;;*********8149856;-249;PLN;'C726827502625546;TRANSAKCJA KART¥ P£ATNICZ¥;Artyku³y spo¿ywcze
09.08.2026;09.08.2026;MEDIA EXPERT;;'23124015321111001044176713;;*********6995806;-32;PLN;'C512522039219286;TRANSAKCJA KART¥ P£ATNICZ¥;Elektronika
09.08.2026;09.08.2026;JAKDOJADE;;'23124015321111001044176713;;*********7701349;-245;PLN;'C394632977130985;TRANSAKCJA KART¥ P£ATNICZ¥;Transport
10.08.2026;10.08.2026;AMAZON EU;;'23124015321111001044176713;;*********6796701;-84;PLN;'C433511325627332;TRANSAKCJA KART¥ P£ATNICZ¥;Amazon
10.08.2026;10.08.2026;ALLEGRO SP. Z O.O.;;'23124015321111001044176713;;*********3468936;-438;PLN;'C107927613283699;TRANSAKCJA KART¥ P£ATNICZ¥;Allegro
11.08.2026;11.08.2026;DOZ APTEKA;;'23124015321111001044176713;;*********3783736;-212;PLN;'C882655028351510;TRANSAKCJA KART¥ P£ATNICZ¥;Apteka
11.08.2026;11.08.2026;UBER;;'23124015321111001044176713;;*********8370473;-119;PLN;'C309353762898737;TRANSAKCJA KART¥ P£ATNICZ¥;Uber
13.08.2026;13.08.2026;DECATHLON;;'23124015321111001044176713;;*********9442894;-428;PLN;'C783015598998745;TRANSAKCJA KART¥ P£ATNICZ¥;Sport
14.08.2026;14.08.2026;RESERVED;;'23124015321111001044176713;;*********6032466;-319;PLN;'C413462059645939;TRANSAKCJA KART¥ P£ATNICZ¥;Ubrania
14.08.2026;14.08.2026;DOZ APTEKA;;'23124015321111001044176713;;*********5473264;-164;PLN;'C978558003295751;TRANSAKCJA KART¥ P£ATNICZ¥;Apteka
14.08.2026;14.08.2026;BIEDRONKA;;'23124015321111001044176713;;*********7562861;-332;PLN;'C597793176932496;TRANSAKCJA KART¥ P£ATNICZ¥;Biedronka
15.08.2026;15.08.2026;STARBUCKS;;'23124015321111001044176713;;*********9744458;-178;PLN;'C990969614114837;TRANSAKCJA KART¥ P£ATNICZ¥;Restauracje
15.08.2026;15.08.2026;PREZENTY;;'23124015321111001044176713;;*********9530659;-380;PLN;'C452637318316437;TRANSAKCJA KART¥ P£ATNICZ¥;Prezenty
16.08.2026;16.08.2026;BP POLSKA;;'23124015321111001044176713;;*********8194209;-235;PLN;'C746975473536509;TRANSAKCJA KART¥ P£ATNICZ¥;Paliwo
17.08.2026;17.08.2026;MCDONALDS;;'23124015321111001044176713;;*********5078069;-387;PLN;'C393455100362306;TRANSAKCJA KART¥ P£ATNICZ¥;Restauracje
17.08.2026;17.08.2026;ROSSMANN;;'23124015321111001044176713;;*********8023015;-347;PLN;'C359454633984483;TRANSAKCJA KART¥ P£ATNICZ¥;Rossmann
17.08.2026;17.08.2026;AUCHAN POLSKA SP. Z O.O.;;'23124015321111001044176713;;*********3609032;-165;PLN;'C634174345520324;TRANSAKCJA KART¥ P£ATNICZ¥;Artyku³y spo¿ywcze
18.08.2026;18.08.2026;ORLEN;;'23124015321111001044176713;;*********3681158;-241;PLN;'C572606413434348;TRANSAKCJA KART¥ P£ATNICZ¥;Paliwo
20.08.2026;20.08.2026;BIEDRONKA;;'23124015321111001044176713;;*********1013709;-208;PLN;'C926221467004647;TRANSAKCJA KART¥ P£ATNICZ¥;Biedronka
21.08.2026;21.08.2026;RESERVED;;'23124015321111001044176713;;*********7069733;-246;PLN;'C196686637518732;TRANSAKCJA KART¥ P£ATNICZ¥;Ubrania
21.08.2026;21.08.2026;RESERVED;;'23124015321111001044176713;;*********2356845;-376;PLN;'C391417230080353;TRANSAKCJA KART¥ P£ATNICZ¥;Ubrania
21.08.2026;21.08.2026;ROSSMANN;;'23124015321111001044176713;;*********6575199;-397;PLN;'C339464580382446;TRANSAKCJA KART¥ P£ATNICZ¥;Rossmann
23.08.2026;23.08.2026;AUCHAN POLSKA SP. Z O.O.;;'23124015321111001044176713;;*********6985046;-374;PLN;'C450215688986118;TRANSAKCJA KART¥ P£ATNICZ¥;Artyku³y spo¿ywcze
24.08.2026;24.08.2026;BOLT;;'23124015321111001044176713;;*********6384177;-225;PLN;'C252263618947053;TRANSAKCJA KART¥ P£ATNICZ¥;Bolt
24.08.2026;24.08.2026;PKP INTERCITY;;'23124015321111001044176713;;*********5895614;-436;PLN;'C832283928476865;TRANSAKCJA KART¥ P£ATNICZ¥;Transport
25.08.2026;25.08.2026;PIZZA HUT;;'23124015321111001044176713;;*********9075320;-202;PLN;'C760096464888956;TRANSAKCJA KART¥ P£ATNICZ¥;Restauracje
25.08.2026;25.08.2026;UBER;;'23124015321111001044176713;;*********2261837;-85;PLN;'C183586530512478;TRANSAKCJA KART¥ P£ATNICZ¥;Uber
28.08.2026;28.08.2026;PODRÓ¯E;;'23124015321111001044176713;;*********8629487;-431;PLN;'C872510221030288;TRANSAKCJA KART¥ P£ATNICZ¥;Podró¿e
28.08.2026;28.08.2026;MCDONALDS;;'23124015321111001044176713;;*********2708408;-292;PLN;'C826380832745877;TRANSAKCJA KART¥ P£ATNICZ¥;Restauracje
29.08.2026;29.08.2026;AMAZON EU;;'23124015321111001044176713;;*********7896118;-45;PLN;'C218267198582090;TRANSAKCJA KART¥ P£ATNICZ¥;Amazon
29.08.2026;29.08.2026;PODRÓ¯E;;'23124015321111001044176713;;*********4617586;-220;PLN;'C776938062862036;TRANSAKCJA KART¥ P£ATNICZ¥;Podró¿e
30.08.2026;30.08.2026;BP POLSKA;;'23124015321111001044176713;;*********6682699;-141;PLN;'C701972487025782;TRANSAKCJA KART¥ P£ATNICZ¥;Paliwo
10.09.2026;10.09.2026;PRACODAWCA SP. Z O.O.;;;'23124015321111001044176713;Wynagrodzenie;9111;PLN;'C905788565593281;PRZELEW;Wynagrodzenie
20.09.2026;20.09.2026;NAJEMCA JAN KOWALSKI;;;'23124015321111001044176713;Najem;1500;PLN;'C144831445974460;PRZELEW;Najem
01.09.2026;01.09.2026;DOZ APTEKA;;'23124015321111001044176713;;*********6298161;-332;PLN;'C948001495536442;TRANSAKCJA KART¥ P£ATNICZ¥;Apteka
01.09.2026;01.09.2026;DECATHLON;;'23124015321111001044176713;;*********1851432;-372;PLN;'C790506153704239;TRANSAKCJA KART¥ P£ATNICZ¥;Sport
01.09.2026;01.09.2026;PKP;;'23124015321111001044176713;;*********1467184;-245;PLN;'C421243454578217;TRANSAKCJA KART¥ P£ATNICZ¥;PKP
02.09.2026;02.09.2026;ROSSMANN;;'23124015321111001044176713;;*********5232605;-89;PLN;'C378136933880907;TRANSAKCJA KART¥ P£ATNICZ¥;Rossmann
02.09.2026;02.09.2026;AMAZON EU;;'23124015321111001044176713;;*********7647232;-163;PLN;'C853743566111437;TRANSAKCJA KART¥ P£ATNICZ¥;Amazon
02.09.2026;02.09.2026;DOZ APTEKA;;'23124015321111001044176713;;*********8886450;-434;PLN;'C458866616874958;TRANSAKCJA KART¥ P£ATNICZ¥;Apteka
03.09.2026;03.09.2026;DOZ APTEKA;;'23124015321111001044176713;;*********2526231;-204;PLN;'C737221062017010;TRANSAKCJA KART¥ P£ATNICZ¥;Apteka
03.09.2026;03.09.2026;BIEDRONKA OLSZTYN;;'23124015321111001044176713;;*********1160291;-368;PLN;'C447980951434422;TRANSAKCJA KART¥ P£ATNICZ¥;Artyku³y spo¿ywcze
03.09.2026;03.09.2026;¯ABKA;;'23124015321111001044176713;;*********2544970;-376;PLN;'C909546326382095;TRANSAKCJA KART¥ P£ATNICZ¥;¯abka
04.09.2026;04.09.2026;CZYNSZ;;'23124015321111001044176713;;*********5921845;-115;PLN;'C113276278313774;TRANSAKCJA KART¥ P£ATNICZ¥;Czynsz
04.09.2026;04.09.2026;KINO;;'23124015321111001044176713;;*********4027202;-13;PLN;'C182832049028145;TRANSAKCJA KART¥ P£ATNICZ¥;Kino
05.09.2026;05.09.2026;¯ABKA;;'23124015321111001044176713;;*********4567922;-403;PLN;'C739116355186409;TRANSAKCJA KART¥ P£ATNICZ¥;¯abka
05.09.2026;05.09.2026;CZYNSZ;;'23124015321111001044176713;;*********1169666;-84;PLN;'C429671222203332;TRANSAKCJA KART¥ P£ATNICZ¥;Czynsz
05.09.2026;05.09.2026;KINO;;'23124015321111001044176713;;*********1972617;-277;PLN;'C113510665404357;TRANSAKCJA KART¥ P£ATNICZ¥;Kino
07.09.2026;07.09.2026;¯ABKA;;'23124015321111001044176713;;*********1380907;-260;PLN;'C577940280533725;TRANSAKCJA KART¥ P£ATNICZ¥;¯abka
07.09.2026;07.09.2026;DECATHLON;;'23124015321111001044176713;;*********3623402;-435;PLN;'C155985606888729;TRANSAKCJA KART¥ P£ATNICZ¥;Sport
08.09.2026;08.09.2026;ORLEN;;'23124015321111001044176713;;*********9228860;-219;PLN;'C347206067710913;TRANSAKCJA KART¥ P£ATNICZ¥;Paliwo
09.09.2026;09.09.2026;BP POLSKA;;'23124015321111001044176713;;*********7266780;-263;PLN;'C267648444347998;TRANSAKCJA KART¥ P£ATNICZ¥;Paliwo
11.09.2026;11.09.2026;KINO;;'23124015321111001044176713;;*********5314117;-219;PLN;'C253624177002975;TRANSAKCJA KART¥ P£ATNICZ¥;Kino
11.09.2026;11.09.2026;RESERVED;;'23124015321111001044176713;;*********1739473;-360;PLN;'C875395082335473;TRANSAKCJA KART¥ P£ATNICZ¥;Ubrania
11.09.2026;11.09.2026;BIEDRONKA;;'23124015321111001044176713;;*********6639184;-320;PLN;'C957539136623227;TRANSAKCJA KART¥ P£ATNICZ¥;Biedronka
11.09.2026;11.09.2026;PODRÓ¯E;;'23124015321111001044176713;;*********7025463;-333;PLN;'C562339773458737;TRANSAKCJA KART¥ P£ATNICZ¥;Podró¿e
12.09.2026;12.09.2026;X-KOM;;'23124015321111001044176713;;*********9822812;-117;PLN;'C282019594017735;TRANSAKCJA KART¥ P£ATNICZ¥;Elektronika
12.09.2026;12.09.2026;LIDL;;'23124015321111001044176713;;*********2010482;-112;PLN;'C949542384700369;TRANSAKCJA KART¥ P£ATNICZ¥;Lidl
13.09.2026;13.09.2026;ZTM WARSZAWA;;'23124015321111001044176713;;*********4731765;-122;PLN;'C361894263356185;TRANSAKCJA KART¥ P£ATNICZ¥;Transport
14.09.2026;14.09.2026;DOZ APTEKA;;'23124015321111001044176713;;*********7166606;-303;PLN;'C597619213884293;TRANSAKCJA KART¥ P£ATNICZ¥;Apteka
14.09.2026;14.09.2026;BIEDRONKA;;'23124015321111001044176713;;*********9735329;-383;PLN;'C360176278919382;TRANSAKCJA KART¥ P£ATNICZ¥;Biedronka
14.09.2026;14.09.2026;JAKDOJADE;;'23124015321111001044176713;;*********6256950;-201;PLN;'C376645491959073;TRANSAKCJA KART¥ P£ATNICZ¥;Transport
14.09.2026;14.09.2026;H&M;;'23124015321111001044176713;;*********8640279;-296;PLN;'C829515631914235;TRANSAKCJA KART¥ P£ATNICZ¥;Ubrania
17.09.2026;17.09.2026;DECATHLON;;'23124015321111001044176713;;*********4761810;-126;PLN;'C429612105258157;TRANSAKCJA KART¥ P£ATNICZ¥;Sport
17.09.2026;17.09.2026;LIDL;;'23124015321111001044176713;;*********4730994;-407;PLN;'C186133468208577;TRANSAKCJA KART¥ P£ATNICZ¥;Lidl
18.09.2026;18.09.2026;KINO;;'23124015321111001044176713;;*********6132334;-144;PLN;'C519098903059278;TRANSAKCJA KART¥ P£ATNICZ¥;Kino
19.09.2026;19.09.2026;DOZ APTEKA;;'23124015321111001044176713;;*********1753420;-442;PLN;'C349692713684013;TRANSAKCJA KART¥ P£ATNICZ¥;Apteka
19.09.2026;19.09.2026;PKP;;'23124015321111001044176713;;*********9484509;-82;PLN;'C171857866665472;TRANSAKCJA KART¥ P£ATNICZ¥;PKP
21.09.2026;21.09.2026;AMAZON EU;;'23124015321111001044176713;;*********6644625;-90;PLN;'C774583856969483;TRANSAKCJA KART¥ P£ATNICZ¥;Amazon
22.09.2026;22.09.2026;PKP;;'23124015321111001044176713;;*********7740336;-309;PLN;'C970575268020212;TRANSAKCJA KART¥ P£ATNICZ¥;PKP
24.09.2026;24.09.2026;ALLEGRO SP. Z O.O.;;'23124015321111001044176713;;*********4438847;-232;PLN;'C459567555355140;TRANSAKCJA KART¥ P£ATNICZ¥;Allegro
24.09.2026;24.09.2026;SI£OWNIA;;'23124015321111001044176713;;*********8423035;-205;PLN;'C511684860414533;TRANSAKCJA KART¥ P£ATNICZ¥;Si³ownia
24.09.2026;24.09.2026;ROSSMANN;;'23124015321111001044176713;;*********3234216;-164;PLN;'C485070784754493;TRANSAKCJA KART¥ P£ATNICZ¥;Rossmann
24.09.2026;24.09.2026;BIEDRONKA;;'23124015321111001044176713;;*********3303465;-184;PLN;'C739665658351270;TRANSAKCJA KART¥ P£ATNICZ¥;Biedronka
25.09.2026;25.09.2026;DOZ APTEKA;;'23124015321111001044176713;;*********5740213;-96;PLN;'C939506840721402;TRANSAKCJA KART¥ P£ATNICZ¥;Apteka
26.09.2026;26.09.2026;ALLEGRO SP. Z O.O.;;'23124015321111001044176713;;*********1267117;-179;PLN;'C904930914127796;TRANSAKCJA KART¥ P£ATNICZ¥;Allegro
26.09.2026;26.09.2026;ROSSMANN;;'23124015321111001044176713;;*********4975612;-276;PLN;'C786739635804437;TRANSAKCJA KART¥ P£ATNICZ¥;Rossmann
28.09.2026;28.09.2026;ALLEGRO SP. Z O.O.;;'23124015321111001044176713;;*********9826161;-232;PLN;'C160087525648304;TRANSAKCJA KART¥ P£ATNICZ¥;Allegro
29.09.2026;29.09.2026;ALLEGRO SP. Z O.O.;;'23124015321111001044176713;;*********4114187;-327;PLN;'C688403847215379;TRANSAKCJA KART¥ P£ATNICZ¥;Allegro
29.09.2026;29.09.2026;SI£OWNIA;;'23124015321111001044176713;;*********7562652;-231;PLN;'C848829404805599;TRANSAKCJA KART¥ P£ATNICZ¥;Si³ownia
30.09.2026;30.09.2026;X-KOM;;'23124015321111001044176713;;*********9956133;-67;PLN;'C896015234028512;TRANSAKCJA KART¥ P£ATNICZ¥;Elektronika
10.10.2026;10.10.2026;PRACODAWCA SP. Z O.O.;;;'23124015321111001044176713;Wynagrodzenie;9510;PLN;'C279612746547704;PRZELEW;Wynagrodzenie
20.10.2026;20.10.2026;NAJEMCA JAN KOWALSKI;;;'23124015321111001044176713;Najem;1500;PLN;'C753710162573276;PRZELEW;Najem
01.10.2026;01.10.2026;RESERVED;;'23124015321111001044176713;;*********4194990;-219;PLN;'C238709986813458;TRANSAKCJA KART¥ P£ATNICZ¥;Ubrania
01.10.2026;01.10.2026;MEDIA EXPERT;;'23124015321111001044176713;;*********5920734;-320;PLN;'C307072086858721;TRANSAKCJA KART¥ P£ATNICZ¥;Elektronika
02.10.2026;02.10.2026;BIEDRONKA;;'23124015321111001044176713;;*********6558820;-316;PLN;'C545738477057111;TRANSAKCJA KART¥ P£ATNICZ¥;Biedronka
02.10.2026;02.10.2026;PODRÓ¯E;;'23124015321111001044176713;;*********3583234;-207;PLN;'C958951691049372;TRANSAKCJA KART¥ P£ATNICZ¥;Podró¿e
03.10.2026;03.10.2026;PODATKI;;'23124015321111001044176713;;*********1188319;-450;PLN;'C786168083750099;TRANSAKCJA KART¥ P£ATNICZ¥;Podatki
03.10.2026;03.10.2026;CZYNSZ;;'23124015321111001044176713;;*********7306361;-93;PLN;'C693732586533324;TRANSAKCJA KART¥ P£ATNICZ¥;Czynsz
03.10.2026;03.10.2026;BIEDRONKA;;'23124015321111001044176713;;*********6580119;-256;PLN;'C159763293267459;TRANSAKCJA KART¥ P£ATNICZ¥;Biedronka
04.10.2026;04.10.2026;H&M;;'23124015321111001044176713;;*********5605716;-300;PLN;'C905334968481384;TRANSAKCJA KART¥ P£ATNICZ¥;Ubrania
05.10.2026;05.10.2026;KINO;;'23124015321111001044176713;;*********3257395;-227;PLN;'C578548527947630;TRANSAKCJA KART¥ P£ATNICZ¥;Kino
05.10.2026;05.10.2026;LIDL;;'23124015321111001044176713;;*********4693590;-276;PLN;'C583021280475288;TRANSAKCJA KART¥ P£ATNICZ¥;Lidl
05.10.2026;05.10.2026;MEDIA EXPERT;;'23124015321111001044176713;;*********3195189;-390;PLN;'C645932069267383;TRANSAKCJA KART¥ P£ATNICZ¥;Elektronika
06.10.2026;06.10.2026;PREZENTY;;'23124015321111001044176713;;*********2750091;-49;PLN;'C219116373185506;TRANSAKCJA KART¥ P£ATNICZ¥;Prezenty
06.10.2026;06.10.2026;ROSSMANN;;'23124015321111001044176713;;*********8768780;-135;PLN;'C144608816397522;TRANSAKCJA KART¥ P£ATNICZ¥;Rossmann
07.10.2026;07.10.2026;PKP;;'23124015321111001044176713;;*********5885807;-21;PLN;'C110805175152489;TRANSAKCJA KART¥ P£ATNICZ¥;PKP
07.10.2026;07.10.2026;ORLEN;;'23124015321111001044176713;;*********1285009;-194;PLN;'C577186860980201;TRANSAKCJA KART¥ P£ATNICZ¥;Paliwo
07.10.2026;07.10.2026;CZYNSZ;;'23124015321111001044176713;;*********6545754;-37;PLN;'C358472465501330;TRANSAKCJA KART¥ P£ATNICZ¥;Czynsz
08.10.2026;08.10.2026;ROSSMANN;;'23124015321111001044176713;;*********7828930;-142;PLN;'C325106210802533;TRANSAKCJA KART¥ P£ATNICZ¥;Rossmann
08.10.2026;08.10.2026;JAKDOJADE;;'23124015321111001044176713;;*********4312314;-51;PLN;'C504865410050356;TRANSAKCJA KART¥ P£ATNICZ¥;Transport
08.10.2026;08.10.2026;X-KOM;;'23124015321111001044176713;;*********8045292;-64;PLN;'C558670514323405;TRANSAKCJA KART¥ P£ATNICZ¥;Elektronika
10.10.2026;10.10.2026;AMAZON EU;;'23124015321111001044176713;;*********1096563;-444;PLN;'C148749917456867;TRANSAKCJA KART¥ P£ATNICZ¥;Amazon
11.10.2026;11.10.2026;DOZ APTEKA;;'23124015321111001044176713;;*********5179084;-113;PLN;'C225322364751560;TRANSAKCJA KART¥ P£ATNICZ¥;Apteka
11.10.2026;11.10.2026;MEDIA EXPERT;;'23124015321111001044176713;;*********4258653;-265;PLN;'C172226161783771;TRANSAKCJA KART¥ P£ATNICZ¥;Elektronika
11.10.2026;11.10.2026;AUCHAN POLSKA SP. Z O.O.;;'23124015321111001044176713;;*********5529200;-99;PLN;'C453311964966634;TRANSAKCJA KART¥ P£ATNICZ¥;Artyku³y spo¿ywcze
12.10.2026;12.10.2026;¯ABKA;;'23124015321111001044176713;;*********5046248;-59;PLN;'C657858974205818;TRANSAKCJA KART¥ P£ATNICZ¥;¯abka
12.10.2026;12.10.2026;JAKDOJADE;;'23124015321111001044176713;;*********1504947;-311;PLN;'C687160688900512;TRANSAKCJA KART¥ P£ATNICZ¥;Transport
12.10.2026;12.10.2026;CZYNSZ;;'23124015321111001044176713;;*********9883527;-93;PLN;'C863405469926712;TRANSAKCJA KART¥ P£ATNICZ¥;Czynsz
13.10.2026;13.10.2026;PODRÓ¯E;;'23124015321111001044176713;;*********9521628;-314;PLN;'C263770615894846;TRANSAKCJA KART¥ P£ATNICZ¥;Podró¿e
14.10.2026;14.10.2026;ROSSMANN;;'23124015321111001044176713;;*********3125639;-413;PLN;'C889263326283265;TRANSAKCJA KART¥ P£ATNICZ¥;Rossmann
14.10.2026;14.10.2026;KINO;;'23124015321111001044176713;;*********8940906;-56;PLN;'C994358737803302;TRANSAKCJA KART¥ P£ATNICZ¥;Kino
15.10.2026;15.10.2026;SI£OWNIA;;'23124015321111001044176713;;*********5766138;-242;PLN;'C674908952534712;TRANSAKCJA KART¥ P£ATNICZ¥;Si³ownia
16.10.2026;16.10.2026;PREZENTY;;'23124015321111001044176713;;*********9777635;-313;PLN;'C826012786341088;TRANSAKCJA KART¥ P£ATNICZ¥;Prezenty
16.10.2026;16.10.2026;BIEDRONKA;;'23124015321111001044176713;;*********7049155;-432;PLN;'C503487329159859;TRANSAKCJA KART¥ P£ATNICZ¥;Biedronka
16.10.2026;16.10.2026;ZTM WARSZAWA;;'23124015321111001044176713;;*********7561673;-198;PLN;'C451466323544375;TRANSAKCJA KART¥ P£ATNICZ¥;Transport
17.10.2026;17.10.2026;PODRÓ¯E;;'23124015321111001044176713;;*********5981153;-398;PLN;'C979828597142683;TRANSAKCJA KART¥ P£ATNICZ¥;Podró¿e
17.10.2026;17.10.2026;BIEDRONKA;;'23124015321111001044176713;;*********5728353;-272;PLN;'C133121348046853;TRANSAKCJA KART¥ P£ATNICZ¥;Biedronka
18.10.2026;18.10.2026;MEDIA EXPERT;;'23124015321111001044176713;;*********7932671;-134;PLN;'C758030584762010;TRANSAKCJA KART¥ P£ATNICZ¥;Elektronika
18.10.2026;18.10.2026;MEDIA EXPERT;;'23124015321111001044176713;;*********5329682;-58;PLN;'C890975610632794;TRANSAKCJA KART¥ P£ATNICZ¥;Elektronika
19.10.2026;19.10.2026;JAKDOJADE;;'23124015321111001044176713;;*********6791134;-302;PLN;'C298600480943362;TRANSAKCJA KART¥ P£ATNICZ¥;Transport
19.10.2026;19.10.2026;SI£OWNIA;;'23124015321111001044176713;;*********6969016;-109;PLN;'C123316252415706;TRANSAKCJA KART¥ P£ATNICZ¥;Si³ownia
20.10.2026;20.10.2026;ALLEGRO SP. Z O.O.;;'23124015321111001044176713;;*********1293595;-190;PLN;'C948083844486834;TRANSAKCJA KART¥ P£ATNICZ¥;Allegro
22.10.2026;22.10.2026;ALLEGRO SP. Z O.O.;;'23124015321111001044176713;;*********6097210;-195;PLN;'C161020505358994;TRANSAKCJA KART¥ P£ATNICZ¥;Allegro
23.10.2026;23.10.2026;H&M;;'23124015321111001044176713;;*********5541384;-212;PLN;'C462220347461585;TRANSAKCJA KART¥ P£ATNICZ¥;Ubrania
23.10.2026;23.10.2026;SI£OWNIA;;'23124015321111001044176713;;*********4364041;-58;PLN;'C289165068148076;TRANSAKCJA KART¥ P£ATNICZ¥;Si³ownia
23.10.2026;23.10.2026;SI£OWNIA;;'23124015321111001044176713;;*********1023845;-51;PLN;'C986025381565624;TRANSAKCJA KART¥ P£ATNICZ¥;Si³ownia
24.10.2026;24.10.2026;BIEDRONKA;;'23124015321111001044176713;;*********8704427;-147;PLN;'C104709455804133;TRANSAKCJA KART¥ P£ATNICZ¥;Biedronka
25.10.2026;25.10.2026;ALLEGRO SP. Z O.O.;;'23124015321111001044176713;;*********5556866;-320;PLN;'C779503325829071;TRANSAKCJA KART¥ P£ATNICZ¥;Allegro
25.10.2026;25.10.2026;DECATHLON;;'23124015321111001044176713;;*********7688892;-382;PLN;'C695061024729790;TRANSAKCJA KART¥ P£ATNICZ¥;Sport
26.10.2026;26.10.2026;ROSSMANN;;'23124015321111001044176713;;*********3344527;-346;PLN;'C153069607221681;TRANSAKCJA KART¥ P£ATNICZ¥;Rossmann
26.10.2026;26.10.2026;BOLT;;'23124015321111001044176713;;*********8804093;-166;PLN;'C208084457592277;TRANSAKCJA KART¥ P£ATNICZ¥;Bolt
28.10.2026;28.10.2026;SI£OWNIA;;'23124015321111001044176713;;*********4715210;-176;PLN;'C857523480896782;TRANSAKCJA KART¥ P£ATNICZ¥;Si³ownia
28.10.2026;28.10.2026;¯ABKA;;'23124015321111001044176713;;*********2783019;-387;PLN;'C266389668491357;TRANSAKCJA KART¥ P£ATNICZ¥;¯abka
28.10.2026;28.10.2026;PKP;;'23124015321111001044176713;;*********1366744;-369;PLN;'C344712144256284;TRANSAKCJA KART¥ P£ATNICZ¥;PKP
29.10.2026;29.10.2026;DECATHLON;;'23124015321111001044176713;;*********3072269;-22;PLN;'C763112245090950;TRANSAKCJA KART¥ P£ATNICZ¥;Sport
30.10.2026;30.10.2026;ROSSMANN;;'23124015321111001044176713;;*********3260393;-401;PLN;'C749128749649584;TRANSAKCJA KART¥ P£ATNICZ¥;Rossmann
30.10.2026;30.10.2026;DOZ APTEKA;;'23124015321111001044176713;;*********2248512;-213;PLN;'C694019228365571;TRANSAKCJA KART¥ P£ATNICZ¥;Apteka
30.10.2026;30.10.2026;UBER;;'23124015321111001044176713;;*********3659743;-121;PLN;'C379281216140257;TRANSAKCJA KART¥ P£ATNICZ¥;Uber
30.10.2026;30.10.2026;LIDL;;'23124015321111001044176713;;*********6539444;-397;PLN;'C173734027936436;TRANSAKCJA KART¥ P£ATNICZ¥;Lidl
31.10.2026;31.10.2026;RESERVED;;'23124015321111001044176713;;*********3892916;-94;PLN;'C715920203087003;TRANSAKCJA KART¥ P£ATNICZ¥;Ubrania
10.11.2026;10.11.2026;PRACODAWCA SP. Z O.O.;;;'23124015321111001044176713;Wynagrodzenie;9676;PLN;'C180808292941009;PRZELEW;Wynagrodzenie
20.11.2026;20.11.2026;NAJEMCA JAN KOWALSKI;;;'23124015321111001044176713;Najem;1500;PLN;'C650147225143032;PRZELEW;Najem
28.11.2026;28.11.2026;PREMIA;;;'23124015321111001044176713;Premia;4000;PLN;'C461620808030853;PRZELEW;Premia
01.11.2026;01.11.2026;PKP INTERCITY;;'23124015321111001044176713;;*********9389417;-72;PLN;'C424210080392498;TRANSAKCJA KART¥ P£ATNICZ¥;Transport
02.11.2026;02.11.2026;ORLEN;;'23124015321111001044176713;;*********1639812;-325;PLN;'C163240091432656;TRANSAKCJA KART¥ P£ATNICZ¥;Paliwo
02.11.2026;02.11.2026;SPOTIFY;;'23124015321111001044176713;;*********3538726;-25;PLN;'C401440418684180;TRANSAKCJA KART¥ P£ATNICZ¥;Spotify
02.11.2026;02.11.2026;CZYNSZ;;'23124015321111001044176713;;*********4241315;-81;PLN;'C261751306575516;TRANSAKCJA KART¥ P£ATNICZ¥;Czynsz
02.11.2026;02.11.2026;PKP;;'23124015321111001044176713;;*********6854549;-373;PLN;'C810701292237881;TRANSAKCJA KART¥ P£ATNICZ¥;PKP
04.11.2026;04.11.2026;SPOTIFY;;'23124015321111001044176713;;*********7951886;-25;PLN;'C970592969677127;TRANSAKCJA KART¥ P£ATNICZ¥;Spotify
05.11.2026;05.11.2026;PODRÓ¯E;;'23124015321111001044176713;;*********6719887;-90;PLN;'C412866311637311;TRANSAKCJA KART¥ P£ATNICZ¥;Podró¿e
05.11.2026;05.11.2026;BP POLSKA;;'23124015321111001044176713;;*********1135286;-438;PLN;'C486196633253968;TRANSAKCJA KART¥ P£ATNICZ¥;Paliwo
05.11.2026;05.11.2026;NETFLIX;;'23124015321111001044176713;;*********2680641;-67;PLN;'C936347953718285;TRANSAKCJA KART¥ P£ATNICZ¥;Netflix
06.11.2026;06.11.2026;BOLT;;'23124015321111001044176713;;*********8111322;-175;PLN;'C247451839187295;TRANSAKCJA KART¥ P£ATNICZ¥;Bolt
06.11.2026;06.11.2026;¯ABKA;;'23124015321111001044176713;;*********2341787;-166;PLN;'C709303633092146;TRANSAKCJA KART¥ P£ATNICZ¥;¯abka
09.11.2026;09.11.2026;BOLT;;'23124015321111001044176713;;*********3928284;-423;PLN;'C730534915257266;TRANSAKCJA KART¥ P£ATNICZ¥;Bolt
09.11.2026;09.11.2026;¯ABKA;;'23124015321111001044176713;;*********1505934;-344;PLN;'C372278253479802;TRANSAKCJA KART¥ P£ATNICZ¥;¯abka
09.11.2026;09.11.2026;PODRÓ¯E;;'23124015321111001044176713;;*********6512038;-163;PLN;'C222938651683600;TRANSAKCJA KART¥ P£ATNICZ¥;Podró¿e
10.11.2026;10.11.2026;DECATHLON;;'23124015321111001044176713;;*********5441935;-168;PLN;'C685185070994261;TRANSAKCJA KART¥ P£ATNICZ¥;Sport
10.11.2026;10.11.2026;BIEDRONKA;;'23124015321111001044176713;;*********1101936;-195;PLN;'C750739715919132;TRANSAKCJA KART¥ P£ATNICZ¥;Biedronka
13.11.2026;13.11.2026;AMAZON EU;;'23124015321111001044176713;;*********6026596;-142;PLN;'C199582357573477;TRANSAKCJA KART¥ P£ATNICZ¥;Amazon
13.11.2026;13.11.2026;ROSSMANN;;'23124015321111001044176713;;*********3437251;-332;PLN;'C933031037801444;TRANSAKCJA KART¥ P£ATNICZ¥;Rossmann
14.11.2026;14.11.2026;PREZENTY;;'23124015321111001044176713;;*********9524315;-118;PLN;'C252975701476512;TRANSAKCJA KART¥ P£ATNICZ¥;Prezenty
14.11.2026;14.11.2026;BOLT;;'23124015321111001044176713;;*********6493283;-203;PLN;'C274182673053376;TRANSAKCJA KART¥ P£ATNICZ¥;Bolt
15.11.2026;15.11.2026;JAKDOJADE;;'23124015321111001044176713;;*********5015259;-384;PLN;'C166903677929184;TRANSAKCJA KART¥ P£ATNICZ¥;Transport
15.11.2026;15.11.2026;KINO;;'23124015321111001044176713;;*********3157296;-320;PLN;'C330955912786962;TRANSAKCJA KART¥ P£ATNICZ¥;Kino
16.11.2026;16.11.2026;ALLEGRO SP. Z O.O.;;'23124015321111001044176713;;*********8956283;-136;PLN;'C668745526881069;TRANSAKCJA KART¥ P£ATNICZ¥;Allegro
16.11.2026;16.11.2026;CIRCLE K;;'23124015321111001044176713;;*********3156791;-372;PLN;'C449000461083613;TRANSAKCJA KART¥ P£ATNICZ¥;Paliwo
19.11.2026;19.11.2026;PREZENTY;;'23124015321111001044176713;;*********4801663;-432;PLN;'C675689684897809;TRANSAKCJA KART¥ P£ATNICZ¥;Prezenty
19.11.2026;19.11.2026;LIDL;;'23124015321111001044176713;;*********6300724;-128;PLN;'C878355273787638;TRANSAKCJA KART¥ P£ATNICZ¥;Lidl
20.11.2026;20.11.2026;DECATHLON;;'23124015321111001044176713;;*********9521815;-72;PLN;'C423008250830141;TRANSAKCJA KART¥ P£ATNICZ¥;Sport
20.11.2026;20.11.2026;DECATHLON;;'23124015321111001044176713;;*********9269130;-254;PLN;'C996396665823925;TRANSAKCJA KART¥ P£ATNICZ¥;Sport
20.11.2026;20.11.2026;DECATHLON;;'23124015321111001044176713;;*********3579884;-432;PLN;'C433676010260334;TRANSAKCJA KART¥ P£ATNICZ¥;Sport
23.11.2026;23.11.2026;CZYNSZ;;'23124015321111001044176713;;*********8784009;-89;PLN;'C508513127592724;TRANSAKCJA KART¥ P£ATNICZ¥;Czynsz
23.11.2026;23.11.2026;AMAZON EU;;'23124015321111001044176713;;*********4090051;-28;PLN;'C240029929670016;TRANSAKCJA KART¥ P£ATNICZ¥;Amazon
24.11.2026;24.11.2026;LIDL;;'23124015321111001044176713;;*********7867051;-288;PLN;'C419723526046777;TRANSAKCJA KART¥ P£ATNICZ¥;Lidl
24.11.2026;24.11.2026;AMAZON EU;;'23124015321111001044176713;;*********4253524;-450;PLN;'C902577962340014;TRANSAKCJA KART¥ P£ATNICZ¥;Amazon
25.11.2026;25.11.2026;¯ABKA POLSKA;;'23124015321111001044176713;;*********8575211;-365;PLN;'C104919635209166;TRANSAKCJA KART¥ P£ATNICZ¥;Artyku³y spo¿ywcze
25.11.2026;25.11.2026;AUCHAN POLSKA SP. Z O.O.;;'23124015321111001044176713;;*********2023100;-102;PLN;'C134493442088534;TRANSAKCJA KART¥ P£ATNICZ¥;Artyku³y spo¿ywcze
27.11.2026;27.11.2026;DECATHLON;;'23124015321111001044176713;;*********3281635;-32;PLN;'C194731637184526;TRANSAKCJA KART¥ P£ATNICZ¥;Sport
27.11.2026;27.11.2026;DOZ APTEKA;;'23124015321111001044176713;;*********4372595;-265;PLN;'C702880270502684;TRANSAKCJA KART¥ P£ATNICZ¥;Apteka
27.11.2026;27.11.2026;MEDIA EXPERT;;'23124015321111001044176713;;*********3822625;-82;PLN;'C646593464220975;TRANSAKCJA KART¥ P£ATNICZ¥;Elektronika
27.11.2026;27.11.2026;UBER;;'23124015321111001044176713;;*********2944222;-60;PLN;'C628723093248633;TRANSAKCJA KART¥ P£ATNICZ¥;Uber
28.11.2026;28.11.2026;MEDIA EXPERT;;'23124015321111001044176713;;*********7180653;-379;PLN;'C150579357395209;TRANSAKCJA KART¥ P£ATNICZ¥;Elektronika
29.11.2026;29.11.2026;PIZZA HUT;;'23124015321111001044176713;;*********6300199;-382;PLN;'C546000128812049;TRANSAKCJA KART¥ P£ATNICZ¥;Restauracje
29.11.2026;29.11.2026;PKP;;'23124015321111001044176713;;*********2048741;-280;PLN;'C593493253653318;TRANSAKCJA KART¥ P£ATNICZ¥;PKP
29.11.2026;29.11.2026;DECATHLON;;'23124015321111001044176713;;*********8352292;-403;PLN;'C303390145157735;TRANSAKCJA KART¥ P£ATNICZ¥;Sport
29.11.2026;29.11.2026;MEDIA EXPERT;;'23124015321111001044176713;;*********4396651;-159;PLN;'C369564507536931;TRANSAKCJA KART¥ P£ATNICZ¥;Elektronika
30.11.2026;30.11.2026;BOLT;;'23124015321111001044176713;;*********2806353;-420;PLN;'C199883815650104;TRANSAKCJA KART¥ P£ATNICZ¥;Bolt
30.11.2026;30.11.2026;BIEDRONKA;;'23124015321111001044176713;;*********3382405;-105;PLN;'C225136705113711;TRANSAKCJA KART¥ P£ATNICZ¥;Biedronka
30.11.2026;30.11.2026;DOZ APTEKA;;'23124015321111001044176713;;*********9251640;-402;PLN;'C459474218232165;TRANSAKCJA KART¥ P£ATNICZ¥;Apteka
30.11.2026;30.11.2026;ROSSMANN;;'23124015321111001044176713;;*********6061930;-159;PLN;'C559139074590012;TRANSAKCJA KART¥ P£ATNICZ¥;Rossmann
10.12.2026;10.12.2026;PRACODAWCA SP. Z O.O.;;;'23124015321111001044176713;Wynagrodzenie;10462;PLN;'C535403218916532;PRZELEW;Wynagrodzenie
20.12.2026;20.12.2026;NAJEMCA JAN KOWALSKI;;;'23124015321111001044176713;Najem;1500;PLN;'C287112852883330;PRZELEW;Najem
03.12.2026;03.12.2026;NETFLIX;;'23124015321111001044176713;;*********8135196;-67;PLN;'C594395443249430;TRANSAKCJA KART¥ P£ATNICZ¥;Netflix
04.12.2026;04.12.2026;ZTM WARSZAWA;;'23124015321111001044176713;;*********4227897;-294;PLN;'C403025371751343;TRANSAKCJA KART¥ P£ATNICZ¥;Transport
04.12.2026;04.12.2026;¯ABKA;;'23124015321111001044176713;;*********3283629;-445;PLN;'C977218982404620;TRANSAKCJA KART¥ P£ATNICZ¥;¯abka
04.12.2026;04.12.2026;TELEFON;;'23124015321111001044176713;;*********2247283;-75;PLN;'C602039119366453;TRANSAKCJA KART¥ P£ATNICZ¥;Telefon
05.12.2026;05.12.2026;ALLEGRO SP. Z O.O.;;'23124015321111001044176713;;*********5875578;-339;PLN;'C273317745887263;TRANSAKCJA KART¥ P£ATNICZ¥;Allegro
06.12.2026;06.12.2026;BOLT;;'23124015321111001044176713;;*********7334199;-273;PLN;'C217463508193832;TRANSAKCJA KART¥ P£ATNICZ¥;Bolt
08.12.2026;08.12.2026;PODRÓ¯E;;'23124015321111001044176713;;*********9892307;-183;PLN;'C435983072747083;TRANSAKCJA KART¥ P£ATNICZ¥;Podró¿e
10.12.2026;10.12.2026;PKP;;'23124015321111001044176713;;*********4586122;-125;PLN;'C170074795069445;TRANSAKCJA KART¥ P£ATNICZ¥;PKP
10.12.2026;10.12.2026;SI£OWNIA;;'23124015321111001044176713;;*********6092995;-288;PLN;'C831434287315064;TRANSAKCJA KART¥ P£ATNICZ¥;Si³ownia
12.12.2026;12.12.2026;BP POLSKA;;'23124015321111001044176713;;*********6140572;-97;PLN;'C483254384465880;TRANSAKCJA KART¥ P£ATNICZ¥;Paliwo
12.12.2026;12.12.2026;PKP;;'23124015321111001044176713;;*********7543590;-12;PLN;'C828022937152593;TRANSAKCJA KART¥ P£ATNICZ¥;PKP
13.12.2026;13.12.2026;RESERVED;;'23124015321111001044176713;;*********6351451;-8;PLN;'C829717543301751;TRANSAKCJA KART¥ P£ATNICZ¥;Ubrania
13.12.2026;13.12.2026;PODRÓ¯E;;'23124015321111001044176713;;*********2065798;-354;PLN;'C288950013180410;TRANSAKCJA KART¥ P£ATNICZ¥;Podró¿e
15.12.2026;15.12.2026;LIDL;;'23124015321111001044176713;;*********5765836;-45;PLN;'C918496184678697;TRANSAKCJA KART¥ P£ATNICZ¥;Lidl
15.12.2026;15.12.2026;BOLT;;'23124015321111001044176713;;*********1735807;-241;PLN;'C246240414292966;TRANSAKCJA KART¥ P£ATNICZ¥;Bolt
17.12.2026;17.12.2026;PIZZA HUT;;'23124015321111001044176713;;*********7361624;-395;PLN;'C101109380878013;TRANSAKCJA KART¥ P£ATNICZ¥;Restauracje
17.12.2026;17.12.2026;KINO;;'23124015321111001044176713;;*********7207132;-37;PLN;'C455230181631333;TRANSAKCJA KART¥ P£ATNICZ¥;Kino
17.12.2026;17.12.2026;MEDIA EXPERT;;'23124015321111001044176713;;*********7150228;-166;PLN;'C821575476740358;TRANSAKCJA KART¥ P£ATNICZ¥;Elektronika
17.12.2026;17.12.2026;KINO;;'23124015321111001044176713;;*********2084900;-112;PLN;'C589999018540681;TRANSAKCJA KART¥ P£ATNICZ¥;Kino
20.12.2026;20.12.2026;BOLT;;'23124015321111001044176713;;*********2582437;-186;PLN;'C220237994632182;TRANSAKCJA KART¥ P£ATNICZ¥;Bolt
20.12.2026;20.12.2026;DOZ APTEKA;;'23124015321111001044176713;;*********7971895;-26;PLN;'C492226070124889;TRANSAKCJA KART¥ P£ATNICZ¥;Apteka
20.12.2026;20.12.2026;ROSSMANN;;'23124015321111001044176713;;*********8178520;-216;PLN;'C986551861479526;TRANSAKCJA KART¥ P£ATNICZ¥;Rossmann
21.12.2026;21.12.2026;PODRÓ¯E;;'23124015321111001044176713;;*********9052435;-350;PLN;'C167023832435193;TRANSAKCJA KART¥ P£ATNICZ¥;Podró¿e
23.12.2026;23.12.2026;SI£OWNIA;;'23124015321111001044176713;;*********3414105;-170;PLN;'C584022792148785;TRANSAKCJA KART¥ P£ATNICZ¥;Si³ownia
23.12.2026;23.12.2026;KINO;;'23124015321111001044176713;;*********7819451;-305;PLN;'C750352653796112;TRANSAKCJA KART¥ P£ATNICZ¥;Kino
23.12.2026;23.12.2026;DOZ APTEKA;;'23124015321111001044176713;;*********8119561;-224;PLN;'C991605444502443;TRANSAKCJA KART¥ P£ATNICZ¥;Apteka
24.12.2026;24.12.2026;UBER;;'23124015321111001044176713;;*********6941768;-192;PLN;'C930184255647864;TRANSAKCJA KART¥ P£ATNICZ¥;Uber
25.12.2026;25.12.2026;¯ABKA;;'23124015321111001044176713;;*********2465277;-295;PLN;'C217767114929972;TRANSAKCJA KART¥ P£ATNICZ¥;¯abka
25.12.2026;25.12.2026;BP POLSKA;;'23124015321111001044176713;;*********5125782;-304;PLN;'C885407487693215;TRANSAKCJA KART¥ P£ATNICZ¥;Paliwo
25.12.2026;25.12.2026;LIDL;;'23124015321111001044176713;;*********7126689;-178;PLN;'C659526445648784;TRANSAKCJA KART¥ P£ATNICZ¥;Lidl
25.12.2026;25.12.2026;BOLT;;'23124015321111001044176713;;*********6415815;-187;PLN;'C878964192218086;TRANSAKCJA KART¥ P£ATNICZ¥;Bolt
26.12.2026;26.12.2026;BOLT;;'23124015321111001044176713;;*********5667866;-88;PLN;'C931428920533961;TRANSAKCJA KART¥ P£ATNICZ¥;Bolt
26.12.2026;26.12.2026;UBER;;'23124015321111001044176713;;*********7230158;-75;PLN;'C730789263333599;TRANSAKCJA KART¥ P£ATNICZ¥;Uber
26.12.2026;26.12.2026;RESERVED;;'23124015321111001044176713;;*********9210288;-390;PLN;'C838034830769829;TRANSAKCJA KART¥ P£ATNICZ¥;Ubrania
27.12.2026;27.12.2026;LIDL;;'23124015321111001044176713;;*********4318412;-10;PLN;'C269122835215192;TRANSAKCJA KART¥ P£ATNICZ¥;Lidl
27.12.2026;27.12.2026;UBER;;'23124015321111001044176713;;*********1133597;-178;PLN;'C401260386889457;TRANSAKCJA KART¥ P£ATNICZ¥;Uber
28.12.2026;28.12.2026;PKP INTERCITY;;'23124015321111001044176713;;*********4198203;-416;PLN;'C629294132866507;TRANSAKCJA KART¥ P£ATNICZ¥;Transport
29.12.2026;29.12.2026;BIEDRONKA;;'23124015321111001044176713;;*********7262241;-9;PLN;'C112140171711403;TRANSAKCJA KART¥ P£ATNICZ¥;Biedronka
29.12.2026;29.12.2026;¯ABKA;;'23124015321111001044176713;;*********2733899;-142;PLN;'C927509793100426;TRANSAKCJA KART¥ P£ATNICZ¥;¯abka
30.12.2026;30.12.2026;SI£OWNIA;;'23124015321111001044176713;;*********8412299;-394;PLN;'C315997546596852;TRANSAKCJA KART¥ P£ATNICZ¥;Si³ownia
30.12.2026;30.12.2026;ZTM WARSZAWA;;'23124015321111001044176713;;*********5167705;-292;PLN;'C923827343451830;TRANSAKCJA KART¥ P£ATNICZ¥;Transport
30.12.2026;30.12.2026;DECATHLON;;'23124015321111001044176713;;*********8345925;-329;PLN;'C969426397033450;TRANSAKCJA KART¥ P£ATNICZ¥;Sport
30.12.2026;30.12.2026;LIDL;;'23124015321111001044176713;;*********3883807;-73;PLN;'C684144904044223;TRANSAKCJA KART¥ P£ATNICZ¥;Lidl
31.12.2026;31.12.2026;PKP INTERCITY;;'23124015321111001044176713;;*********3720937;-108;PLN;'C393275035213677;TRANSAKCJA KART¥ P£ATNICZ¥;Transport
31.12.2026;31.12.2026;AMAZON EU;;'23124015321111001044176713;;*********6661818;-97;PLN;'C208729564989734;TRANSAKCJA KART¥ P£ATNICZ¥;Amazon
31.12.2026;31.12.2026;SI£OWNIA;;'23124015321111001044176713;;*********3606930;-194;PLN;'C670541166536176;TRANSAKCJA KART¥ P£ATNICZ¥;Si³ownia
